ward,first_name,last_name,status,date_nomination
1,Abraham,Abbey,Active,2026-05-08
1,Ala'a,Adib,Active,2026-05-01
1,Saima,Babar,Active,2026-05-01
1,Chloe,Brown,Active,2026-08-06
1,Vincent,Crisanti,Active,2026-05-12
1,Norman,Hamilton,Active,2026-05-12
1,Joseph,Martino,Active,2026-08-12
1,Nathen,Masri,Active,2026-08-17
1,Hard,Parmar,Active,2026-08-20
1,Kristian,Santos,Active,2026-08-18
2,Jennifer,Alexander,Active,2026-05-01
2,Katie,Andrachuk,Active,2026-08-18
2,Stephen,Holyday,Active,2026-07-10
3,Mihaela,Andrei,Active,2026-08-20
3,Anthony,Internicola,Active,2026-06-11
3,Amber,Morley,Active,2026-07-13
3,Ted,Opitz,Active,2026-06-09
4,Michael,Corcoran,Active,2026-06-19
4,Nadia,Guerrera,Active,2026-05-01
4,Debbie,King,Active,2026-05-29
4,Diana Chan,McNally,Active,2026-05-01
4,Bridget,Ogundipe,Active,2026-05-05
4,Adam,Pham,Active,2026-05-01
4,Andy,Potega,Active,2026-08-19
4,Vanessa,Raponi,Active,2026-05-01
4,Holly,Weber,Active,2026-06-09
4,Steve,Yuen,Active,2026-08-21
5,Sharmarke,Ali,Active,2026-06-29
5,Matthew,Boateng,Active,2026-08-14
5,Daniel,Di Giorgio,Active,2026-05-01
5,Maryama,Farah,Active,2026-08-18
5,Ahmed,Mawel,Active,2026-08-20
5,Frances,Nunziata,Active,2026-07-17
5,Nekpen,Obasogie,Active,2026-05-08
5,Chiara,Padovani,Active,2026-05-01
5,Sileen,Phillips,Active,2026-06-15
6,Alexander,Artamonov,Active,2026-08-21
6,Conroy,Irving,Active,2026-06-08
6,James,Pasternak,Active,2026-05-25
7,Lorna,Antwi,Active,2026-05-11
7,Amanda,Coombs,Active,2026-05-01
7,Anthony,Perruzza,Active,2026-07-30
8,Mike,Colle,Active,2026-05-01
8,Liz,Grade,Active,2026-05-28
8,Domenico,Maiolo,Active,2026-08-14
8,Jason,McDonald,Active,2026-05-07
8,Enzo,Torrone,Active,2026-05-11
8,Daniel,Trayes,Active,2026-05-01
9,Alejandra,Bravo,Active,2026-07-17
9,Ashley,Jansen,Active,2026-08-05
9,Marco,Martins,Active,2026-08-10
9,Neil,Simon,Active,2026-06-12
10,Ian,Cunningham,Active,2026-07-08
10,Xue,Ding,Active,2026-06-22
10,Andi,Hoàng-Lefranc,Active,2026-06-18
10,Bashar,Kassir,Active,2026-05-08
10,Ausma,Malik,Active,2026-07-07
10,Paul,Nash,Active,2026-05-01
10,Husain,Neemuchwala,Active,2026-05-12
10,Aanchal,Vashistha,Active,2026-05-27
11,Keenan,Courtis,Active,2026-05-01
11,Terri,Hawkes,Active,2026-05-01
11,Mike,Layton,Active,2026-08-17
11,Karina,Lemke,Active,2026-07-13
11,Alice,Li,Active,2026-05-04
11,Huy,Lieu,Active,2026-05-07
11,Gian,Pileri,Active,2026-06-11
11,Paul,Viret,Active,2026-08-20
11,Diana,Yoon,Active,2026-05-20
12,David,Cottrell,Active,2026-08-11
12,Jenny,Kalimbet,Active,2026-06-17
12,Ahmed,Kamal,Active,2026-07-13
12,Josh,Matlow,Active,2026-08-04
12,Bob,Murphy,Active,2026-08-21
12,Mina,Nadimi,Active,2026-06-10
13,Joe,Cadeau,Active,2026-05-06
13,Tom,Cai,Active,2026-05-14
13,Victoria,Davis,Active,2026-05-26
13,Morgan,Harris,Active,2026-08-21
13,Walied,Khogali Ali,Active,2026-05-01
13,Norman,MacLeod,Active,2026-08-07
13,Cleveland,Marshall,Active,2026-08-21
13,Chris,Moise,Active,2026-07-20
13,Curran,Stikuts,Active,2026-05-01
13,Daniel,Tate,Active,2026-07-22
13,Nicki,Ward,Active,2026-05-01
14,Maqsood,Ahmad,Active,2026-08-20
14,Susan,Chapelle,Active,2026-06-01
14,Michael,Connor,Active,2026-08-21
14,Dennis,Corcoran,Active,2026-08-19
14,Robb,Dagenais,Active,2026-08-21
14,Peter,De Marco,Active,2026-08-21
14,Sara,Ehrhardt,Active,2026-08-20
14,George,Fawcett,Active,2026-08-21
14,Mary,Fragedakis,Active,2026-08-21
14,John,Kladitis,Active,2026-08-21
14,Michael,Mitchell,Active,2026-08-20
14,Caryma,Sa'd,Active,2026-08-21
14,Dianne,Saxe,Active,2026-08-21
14,Devyn,Stackhouse,Active,2026-08-21
14,Jason,Stevens,Active,2026-05-29
14,Christiane,Tetreault,Active,2026-08-21
14,Maria,Voutsinas,Active,2026-08-21
14,Denise,Walcott,Active,2026-08-17
15,Rachel,Chernos Lin,Active,2026-07-22
15,Sheena,Sharp,Active,2026-07-21
15,Denis,Tsang,Active,2026-08-13
16,Jon,Burnside,Active,2026-06-02
16,Sinan,Erdemir,Active,2026-06-18
16,Didi,Moffat,Active,2026-08-21
16,Stacey,Moffatt,Active,2026-06-05
17,Jeffery,Adamson,Active,2026-06-01
17,Shelley,Carroll,Active,2026-05-04
17,Jethro Adir,Kavod,Active,2026-08-05
17,Hassan Mubarak,Noor Mohamed,Active,2026-07-08
17,Roy,Samathanam,Active,2026-06-01
17,Hong,Xiao,Active,2026-08-19
17,Sabrina,Zuniga,Active,2026-05-01
18,Lily,Cheng,Active,2026-07-27
18,Nicole,Daneshvar,Active,2026-08-17
18,David,Magazzinich,Active,2026-07-14
18,Hamid,Shakeri,Active,2026-08-19
18,Nathan,Yusifov,Active,2026-05-01
18,Ardeshir,Zarezade,Active,2026-05-25
19,Syeda Jaana,Ali,Active,2026-06-30
19,James,Dann,Active,2026-05-01
19,Nate,Erskine-Smith,Active,2026-08-19
19,Fatima,Ibrahimi,Active,2026-08-19
19,Natalie,Johnson,Active,2026-05-11
19,Kevin,Morrison,Active,2026-05-05
19,Karsten,Riedel,Active,2026-08-20
19,Mohammad,Shabani,Active,2026-08-20
19,Adam,Smith,Active,2026-05-01
19,Austin,Vieira,Active,2026-05-07
19,Jeff,Wahl,Active,2026-05-08
19,Devin,Wilkins,Active,2026-06-09
19,Jennie,Worden,Active,2026-05-21
20,Laikul,Choudhury,Active,2026-08-10
20,Naser,Kaid,Active,2026-08-07
20,Parthi,Kandavel,Active,2026-08-07
20,Ariel-Rachel,Karokis,Active,2026-05-01
20,Luigi,Lisciandro,Active,2026-08-05
20,Sharmina,Nasrin,Active,2026-06-01
20,Mohammad Ali,Reza,Active,2026-06-05
20,Kevin,Rupasinghe,Active,2026-06-16
21,Taiba,Ahmed,Active,2026-05-08
21,Bahareh,Barahmand,Active,2026-07-31
21,Patience,Evbagharu,Active,2026-06-24
21,Uthish,Ganesh,Active,2026-07-31
21,Stella,Kargiannakis,Active,2026-08-06
21,Akina,Lalla,Active,2026-07-24
21,,Nisha Kumari,Active,2026-08-21
21,Willie,Reodica,Active,2026-08-07
21,Madura,Shanmugaratnam,Active,2026-05-11
21,Michael,Thompson,Active,2026-07-22
21,Krissan,Veerasingam,Active,2026-05-01
22,Madhuri,Azad,Active,2026-05-19
22,Bill,Chan,Active,2026-07-15
22,Jackson,Ho,Active,2026-06-12
22,Serge,Khatchadourian,Active,2026-08-20
22,Rakhee,Kotecha,Active,2026-07-22
22,Aaron,Lal,Active,2026-08-20
22,Dan,Lovell,Active,2026-05-01
22,Nick,Mantas,Active,2026-07-20
22,Donny,Morgan,Active,2026-06-19
22,Sindia,Vijayarajan,Active,2026-08-20
23,Shaun,Chen,Active,2026-08-21
23,Han,Dong,Active,2026-06-17
23,Sajawal,Javed,Active,2026-07-15
23,Kevin,Li,Active,2026-05-01
23,Jamaal,Myers,Active,2026-05-19
23,John-Mark,Oleh,Active,2026-07-14
23,Ronald,Phen,Active,2026-08-19
23,Piravena,Sathiyanantham,Active,2026-08-20
24,Paul,Ainslie,Active,2026-07-29
24,Robert,Bazil,Active,2026-08-20
24,Jithender,Mulamalla,Active,2026-08-21
24,Nachi,Ramasamy,Active,2026-08-14
24,Arun,Sivanandan,Active,2026-08-21
24,An,Wu,Active,2026-08-19
25,Shawn,Allen,Active,2026-05-01
25,Dharshan,Casinathen,Active,2026-08-17
25,Ashan,Fernando,Active,2026-06-22
25,Somas,Kaneshapillai,Active,2026-08-19
25,Jannette,Lumley,Active,2026-05-15
25,Zakir,Patel,Active,2026-07-20
25,Dianna,Robinson,Active,2026-08-17
25,Neethan,Shan,Active,2026-07-15
25,Kannan,S'ree Jr,Active,2026-08-19
25,Vane,Stavrev,Active,2026-08-18
