reading_id,response_order,response_label,response_kind,share_pct,source_page,source_notes
forum_city_primary,1,Olivia Chow,candidate,48,3,
forum_city_primary,2,Brad Bradford,candidate,36,3,
forum_city_primary,3,Someone else,other_candidate,17,3,Do not combine with undecided
forum_city_alexander,1,Olivia Chow,candidate,47,4,
forum_city_alexander,2,Brad Bradford,candidate,32,4,
forum_city_alexander,3,Chris Alexander,candidate,11,4,
forum_city_alexander,4,Someone else,other_candidate,10,4,Do not combine with undecided
mainstreet_feb_all,1,Olivia Chow,candidate,31.2,4,
mainstreet_feb_all,2,John Tory,candidate,23.5,4,
mainstreet_feb_all,3,Brad Bradford,candidate,12,4,
mainstreet_feb_all,4,Anthony Furey,candidate,5.3,4,
mainstreet_feb_all,5,Undecided,undecided,28,4,
mainstreet_feb_adjusted,1,Olivia Chow,candidate,36,7,
mainstreet_feb_adjusted,2,John Tory,candidate,28.2,7,
mainstreet_feb_adjusted,3,Brad Bradford,candidate,13.9,7,
mainstreet_feb_adjusted,4,Anthony Furey,candidate,5.4,7,
mainstreet_feb_adjusted,5,Undecided,undecided,16.4,7,
mainstreet_feb_decided,1,Olivia Chow,candidate,43.1,10,
mainstreet_feb_decided,2,John Tory,candidate,33.8,10,
mainstreet_feb_decided,3,Brad Bradford,candidate,16.7,10,
mainstreet_feb_decided,4,Anthony Furey,candidate,6.5,10,
mainstreet_jun_all,1,Olivia Chow,candidate,35,4,
mainstreet_jun_all,2,Brad Bradford,candidate,30.5,4,
mainstreet_jun_all,3,Someone Else,other_candidate,13.1,4,
mainstreet_jun_all,4,Undecided,undecided,21.4,4,
mainstreet_jun_leaning,1,Olivia Chow,candidate,36.2,6,
mainstreet_jun_leaning,2,Brad Bradford,candidate,31.4,6,
mainstreet_jun_leaning,3,Someone Else,other_candidate,15.5,6,
mainstreet_jun_leaning,4,Undecided,undecided,17,6,
mainstreet_jun_decided,1,Olivia Chow,candidate,43.6,8,
mainstreet_jun_decided,2,Brad Bradford,candidate,37.8,8,
mainstreet_jun_decided,3,Someone Else,other_candidate,18.6,8,
mainstreet_jun_two_way,1,Olivia Chow,candidate,48.1,10,
mainstreet_jun_two_way,2,Brad Bradford,candidate,51.9,10,
liaison_jul_tory,1,Ana Bailao,candidate,6,20,Source omits accent in label
liaison_jul_tory,2,Brad Bradford,candidate,7,20,
liaison_jul_tory,3,Olivia Chow,candidate,34,20,
liaison_jul_tory,4,Anthony Furey,candidate,5,20,
liaison_jul_tory,5,Marco Mendicino,candidate,3,20,
liaison_jul_tory,6,John Tory,candidate,31,20,
liaison_jul_tory,7,Someone Else,other_candidate,2,20,
liaison_jul_tory,8,Undecided,undecided,12,20,
liaison_jul_no_tory,1,Ana Bailao,candidate,11,21,Source omits accent in label
liaison_jul_no_tory,2,Brad Bradford,candidate,16,21,
liaison_jul_no_tory,3,Olivia Chow,candidate,41,21,
liaison_jul_no_tory,4,Anthony Furey,candidate,10,21,
liaison_jul_no_tory,5,Marco Mendicino,candidate,3,21,
liaison_jul_no_tory,6,Someone Else,other_candidate,3,21,
liaison_jul_no_tory,7,Undecided,undecided,16,21,
liaison_aug_all,1,Olivia Chow,candidate,38,1,
liaison_aug_all,2,Brad Bradford,candidate,32,1,
liaison_aug_all,3,Chris Alexander,candidate,8,1,
liaison_aug_all,4,Someone else,other_candidate,3,1,
liaison_aug_all,5,Undecided,undecided,20,1,Source total is 101 due to rounding
liaison_aug_decided,1,Olivia Chow,candidate,47,2,
liaison_aug_decided,2,Brad Bradford,candidate,40,2,
liaison_aug_decided,3,Chris Alexander,candidate,10,2,
liaison_aug_decided,4,Someone else,other_candidate,3,2,
ipsos_all,1,Olivia Chow,candidate,33,24,
ipsos_all,2,John Tory,candidate,25,24,
ipsos_all,3,Some other candidate,other_candidate,31,24,
ipsos_all,4,I wouldn't vote,nonvoter,11,24,Not undecided
pallas_two_named,1,Olivia Chow,candidate,35.3,12,
pallas_two_named,2,Brad Bradford,candidate,29,12,
pallas_two_named,3,Another Candidate,other_candidate,10.5,12,
pallas_two_named,4,Undecided,undecided,25.1,12,
pallas_with_ford,1,Olivia Chow,candidate,35.8,14,
pallas_with_ford,2,Brad Bradford,candidate,21.6,14,
pallas_with_ford,3,Michael Ford,candidate,17,14,
pallas_with_ford,4,Another Candidate,other_candidate,6.4,14,
pallas_with_ford,5,Undecided,undecided,19.2,14,
forum_ward11_baseline,1,Gabe Blanc,candidate,5,3,
forum_ward11_baseline,2,Dana Fisher,candidate,8,3,
forum_ward11_baseline,3,Dianne Saxe,candidate,41,3,
forum_ward11_baseline,4,Diana Yoon,candidate,9,3,
forum_ward11_baseline,5,Other,other_candidate,37,3,
forum_ward11_layton,1,Gabe Blanc,candidate,6,4,
forum_ward11_layton,2,Dana Fisher,candidate,2,4,
forum_ward11_layton,3,Mike Layton,candidate,44,4,
forum_ward11_layton,4,Dianne Saxe,candidate,17,4,
forum_ward11_layton,5,Diana Yoon,candidate,5,4,
forum_ward11_layton,6,Other,other_candidate,26,4,
forum_ward11_mayor,1,Olivia Chow,candidate,63,4,
forum_ward11_mayor,2,Brad Bradford,candidate,25,4,
forum_ward11_mayor,3,Chris Alexander,candidate,5,4,
forum_ward11_mayor,4,Other,other_candidate,7,4,
nanos_sep_all,1,Olivia Chow,candidate,21.7,17,
nanos_sep_all,2,Doug Ford,candidate,25.3,17,
nanos_sep_all,3,John Tory,candidate,45.5,17,
nanos_sep_all,4,Unsure,undecided,7.5,17,
nanos_sep_decided,1,Olivia Chow,candidate,23.5,19,
nanos_sep_decided,2,Doug Ford,candidate,27.4,19,
nanos_sep_decided,3,John Tory,candidate,49.2,19,
viewpoints_jun19_raw,1,Ana Bailao,candidate,9.7,1,Source omits accent in label
viewpoints_jun19_raw,2,Brad Bradford,candidate,6.8,1,
viewpoints_jun19_raw,3,Olivia Chow,candidate,28.7,1,
viewpoints_jun19_raw,4,Anthony Furey,candidate,7.8,1,
viewpoints_jun19_raw,5,Mitzie Hunter,candidate,5,1,
viewpoints_jun19_raw,6,Josh Matlow,candidate,8,1,
viewpoints_jun19_raw,7,Mark Saunders,candidate,13,1,
viewpoints_jun19_raw,8,Someone else,other_candidate,2.9,1,
viewpoints_jun19_raw,9,Not sure,undecided,18.2,1,
viewpoints_jun19_leaning,1,Ana Bailao,candidate,12,1,Source omits accent in label
viewpoints_jun19_leaning,2,Brad Bradford,candidate,8,1,
viewpoints_jun19_leaning,3,Olivia Chow,candidate,35,1,
viewpoints_jun19_leaning,4,Anthony Furey,candidate,10,1,
viewpoints_jun19_leaning,5,Mitzie Hunter,candidate,6,1,
viewpoints_jun19_leaning,6,Josh Matlow,candidate,10,1,
viewpoints_jun19_leaning,7,Mark Saunders,candidate,16,1,
viewpoints_jun19_leaning,8,Someone else,other_candidate,4,1,Source total is 101 due to rounding
viewpoints_may2_raw,1,Olivia Chow,candidate,21.1,1,
viewpoints_may2_raw,2,Brad Bradford,candidate,9.9,1,
viewpoints_may2_raw,3,Ana Bailao,candidate,6.6,1,Source omits accent in label
viewpoints_may2_raw,4,Josh Matlow,candidate,7.6,1,
viewpoints_may2_raw,5,Mark Saunders,candidate,12.2,1,
viewpoints_may2_raw,6,Mitzie Hunter,candidate,3.7,1,
viewpoints_may2_raw,7,Someone else,other_candidate,5.1,1,
viewpoints_may2_raw,8,Not sure,undecided,34.0,1,Source total is 100.2 due to rounding
viewpoints_may2_decided,1,Olivia Chow,candidate,32,1,
viewpoints_may2_decided,2,Brad Bradford,candidate,15,1,
viewpoints_may2_decided,3,Ana Bailao,candidate,10,1,Source omits accent in label
viewpoints_may2_decided,4,Josh Matlow,candidate,11,1,
viewpoints_may2_decided,5,Mark Saunders,candidate,19,1,
viewpoints_may2_decided,6,Mitzie Hunter,candidate,6,1,
viewpoints_may2_decided,7,Someone else,other_candidate,8,1,Source total is 101 due to rounding
