election_cycle_id,candidate_id,candidate_name,candidate_name_as_reported,votes,valid_vote_total,share,is_winner,source_document_id,source_locator
toronto_2003,per_0517e294728a58aa874e4aabcca03521,Ratan Wadhwa,"Wadhwa, Ratan",121,692085,0.000174834016052941,false,election_results,represented_body=toronto_city_council;office_type=mayor;year=2003
toronto_2003,per_0a3b7eaa37555f05b2449959a8fd4395,John Jahshan,"Jahshan, John",703,692085,0.001015771184175354,false,election_results,represented_body=toronto_city_council;office_type=mayor;year=2003
toronto_2003,per_0b642e9abc155c31b0bb27f5351e9299,David Lichacz,"Lichacz, David",659,692085,0.000952195178337921,false,election_results,represented_body=toronto_city_council;office_type=mayor;year=2003
toronto_2003,per_10880c49eccd5b04aa423a7743bc6cfb,Don Andrews,"Andrews, Don",1220,692085,0.001762789252765195,false,election_results,represented_body=toronto_city_council;office_type=mayor;year=2003
toronto_2003,per_116bccd349dd5b8a9d02fb19291e5862,Douglas Campbell,"Campbell, Douglas",2197,692085,0.003174465564200929,false,election_results,represented_body=toronto_city_council;office_type=mayor;year=2003
toronto_2003,per_23a9a4e11653528cb9f199b8c873c39e,Simon Shaw,"Shaw, Simon",376,692085,0.000543285868065339,false,election_results,represented_body=toronto_city_council;office_type=mayor;year=2003
toronto_2003,per_3b5c691ecc49595daa1d84a97b6544de,Gerald Derome,"Derome, Gerald",278,692085,0.000401684764154692,false,election_results,represented_body=toronto_city_council;office_type=mayor;year=2003
toronto_2003,per_40ba29667f855c2b99c056314d1a2ebf,Gary Benner,"Benner, Gary",802,692085,0.001158817197309579,false,election_results,represented_body=toronto_city_council;office_type=mayor;year=2003
toronto_2003,per_433146a3605456e996b35fa428ac5777,Abel Van Wyk,"Van Wyk, Abel",332,692085,0.000479709862227906,false,election_results,represented_body=toronto_city_council;office_type=mayor;year=2003
toronto_2003,per_4d89262c2f825921b4ce4a9cb76c9805,Ahmad Shehab,"Shehab, Ahmad",2084,692085,0.003011190821936612,false,election_results,represented_body=toronto_city_council;office_type=mayor;year=2003
toronto_2003,per_5094682b12775a0da3c57323d9c20477,Daniel Poremski,"Poremski, Daniel",627,692085,0.000905958083183424,false,election_results,represented_body=toronto_city_council;office_type=mayor;year=2003
toronto_2003,per_546a50310fbe5401a126a3864d97fbb3,Kevin Clarke,"Clarke, Kevin",804,692085,0.001161707015756735,false,election_results,represented_body=toronto_city_council;office_type=mayor;year=2003
toronto_2003,per_586f69cee3315f4dbc8ce7917366ab03,Duri Naimji,"Naimji, Duri",569,692085,0.000822153348215898,false,election_results,represented_body=toronto_city_council;office_type=mayor;year=2003
toronto_2003,per_5a98583328985905a5c623ce56481805,Mehmet Yagiz,"Yagiz, Mehmet",193,692085,0.000278867480150560,false,election_results,represented_body=toronto_city_council;office_type=mayor;year=2003
toronto_2003,per_5d6ccf2244905e79b0fb668d84e2675b,Axcel Cocon,"Cocon, Axcel",498,692085,0.000719564793341858,false,election_results,represented_body=toronto_city_council;office_type=mayor;year=2003
toronto_2003,per_620960c232f85db6b87db233834b5a4b,Luis Silva,"Silva, Luis",1305,692085,0.001885606536769327,false,election_results,represented_body=toronto_city_council;office_type=mayor;year=2003
toronto_2003,per_6e2abaf6bc7f54e9afae56d80c292f43,Paul Lewin,"Lewin, Paul",271,692085,0.000391570399589646,false,election_results,represented_body=toronto_city_council;office_type=mayor;year=2003
toronto_2003,per_7368a7a19f4655c882ed412ee0fba97a,Elias Makhoul,"Makhoul, Elias",644,692085,0.000930521539984250,false,election_results,represented_body=toronto_city_council;office_type=mayor;year=2003
toronto_2003,per_7437d8503d715996aeb65671032da866,John Nunziata,"Nunziata, John",36021,692085,0.052047075142504172,false,election_results,represented_body=toronto_city_council;office_type=mayor;year=2003
toronto_2003,per_74876d37b04c58a29e6b85927359f979,Ben Kerr,"Kerr, Ben",433,692085,0.000625645693809286,false,election_results,represented_body=toronto_city_council;office_type=mayor;year=2003
toronto_2003,per_7755ebaf45385df2b313bbc40a771f7e,Rabindra Prashad,"Prashad, Rabindra",271,692085,0.000391570399589646,false,election_results,represented_body=toronto_city_council;office_type=mayor;year=2003
toronto_2003,per_778c23328caf555499b8f52e45ae9827,Kendal Csak,"Csak, Kendal",193,692085,0.000278867480150560,false,election_results,represented_body=toronto_city_council;office_type=mayor;year=2003
toronto_2003,per_7ae9c1eba34b55048231ba73cabadb17,Tom Jakobek,"Jakobek, Tom",5277,692085,0.007624785972821258,false,election_results,represented_body=toronto_city_council;office_type=mayor;year=2003
toronto_2003,per_819caff0fc8b50248ce574069ac52346,Aleksandar Glisic,"Glisic, Aleksandar",420,692085,0.000606861873902772,false,election_results,represented_body=toronto_city_council;office_type=mayor;year=2003
toronto_2003,per_84050ab1c4ee50e98f603bc97f241eed,Hardy Dhir,"Dhir, Hardy",199,692085,0.000287536935492028,false,election_results,represented_body=toronto_city_council;office_type=mayor;year=2003
toronto_2003,per_8a00c16149cc55cf8ea4f205362199c7,Ronald Graham,"Graham, Ronald",619,692085,0.000894398809394800,false,election_results,represented_body=toronto_city_council;office_type=mayor;year=2003
toronto_2003,per_8e1056bd79e75f908e9dc80651f3db3c,Jaime Castillo,"Castillo, Jaime",1616,692085,0.002334973305302094,false,election_results,represented_body=toronto_city_council;office_type=mayor;year=2003
toronto_2003,per_91016a422472587198643dc3bca04f34,Barry Pletch,"Pletch, Barry",110,692085,0.000158940014593583,false,election_results,represented_body=toronto_city_council;office_type=mayor;year=2003
toronto_2003,per_9c47a9aa8151566e806a82afca114991,Patricia O'Beirne,"O'Beirne, Patricia",358,692085,0.000517277502040934,false,election_results,represented_body=toronto_city_council;office_type=mayor;year=2003
toronto_2003,per_a9eb70da799659daaa285f92cfed1674,John Tory,"Tory, John",263189,692085,0.380284213644277798,false,election_results,represented_body=toronto_city_council;office_type=mayor;year=2003
toronto_2003,per_abd1b24156dc5a6fb667305c163eece7,Scott Yee,"Yee, Scott",551,692085,0.000796144982191494,false,election_results,represented_body=toronto_city_council;office_type=mayor;year=2003
toronto_2003,per_ad293f1387af572cad45897886519bb6,David Miller,"Miller, David",299385,692085,0.432584147900908125,true,election_results,represented_body=toronto_city_council;office_type=mayor;year=2003
toronto_2003,per_b90f060fdbdf5114a745035b1932064e,Albert Howell,"Howell, Albert",717,692085,0.001035999913305447,false,election_results,represented_body=toronto_city_council;office_type=mayor;year=2003
toronto_2003,per_b9e75b123d5654f8b4609b846d0647fc,Barbara Hall,"Hall, Barbara",63751,692085,0.092114407912322908,false,election_results,represented_body=toronto_city_council;office_type=mayor;year=2003
toronto_2003,per_be351104fa0f556aac1f41536c46a4af,Richard Weston,"Weston, Richard",133,692085,0.000192172926735878,false,election_results,represented_body=toronto_city_council;office_type=mayor;year=2003
toronto_2003,per_c2b7e1b877715d5582b5b6f2ff8c21f6,Mitch Gold,"Gold, Mitch",412,692085,0.000595302600114148,false,election_results,represented_body=toronto_city_council;office_type=mayor;year=2003
toronto_2003,per_c8dc8f2b4c1855fd86ac1dfc1b6b65b6,Michael Brausewetter,"Brausewetter, Michael",672,692085,0.000970978998244435,false,election_results,represented_body=toronto_city_council;office_type=mayor;year=2003
toronto_2003,per_ca6dcba1d1715eab92254efbd75b26ff,Monowar Hossain,"Hossain, Monowar",537,692085,0.000775916253061401,false,election_results,represented_body=toronto_city_council;office_type=mayor;year=2003
toronto_2003,per_cfde0c3667245862aa0f774a719e3419,Ram Narula,"Narula, Ram",645,692085,0.000931966449207829,false,election_results,represented_body=toronto_city_council;office_type=mayor;year=2003
toronto_2003,per_ddad9d747e425c6583e61207b37c70f8,Timothy Mcauliffe,"McAuliffe, Timothy",821,692085,0.001186270472557562,false,election_results,represented_body=toronto_city_council;office_type=mayor;year=2003
toronto_2003,per_dfb645eceee4525abe1fcbec5705ab0b,Hashmat Safi,"Safi, Hashmat",383,692085,0.000553400232630385,false,election_results,represented_body=toronto_city_council;office_type=mayor;year=2003
toronto_2003,per_e5b21e53b8ee51e387755704d6797614,Benjamin Mbaegbu,"Mbaegbu, Benjamin",288,692085,0.000416133856390472,false,election_results,represented_body=toronto_city_council;office_type=mayor;year=2003
toronto_2003,per_e87b6063a204520c83a84c526a868649,Fen Peters,"Peters, Fen",598,692085,0.000864055715699661,false,election_results,represented_body=toronto_city_council;office_type=mayor;year=2003
toronto_2003,per_ebfe878796d85761a371ecc415722b06,John Hartnett,"Hartnett, John",803,692085,0.001160262106533157,false,election_results,represented_body=toronto_city_council;office_type=mayor;year=2003
toronto_2006,can_060c8be206475ee8904f5af1368add5a,Soumen Deb,DEB SOUMEN,517,584484,0.000884540894190431,false,election_results,represented_body=toronto_city_council;office_type=mayor;year=2006
toronto_2006,can_457a50afc38158a2a80231ae7ad4632d,Mehmet Ali Yagiz,YAGIZ MEHMET ALI,753,584484,0.001288315847824748,false,election_results,represented_body=toronto_city_council;office_type=mayor;year=2006
toronto_2006,can_48f2cb1cc2065e9f96931c6686fdd731,Scott Yee,YEE SCOTT,1538,584484,0.002631380841904997,false,election_results,represented_body=toronto_city_council;office_type=mayor;year=2006
toronto_2006,can_72565c5cdaaf5afc8ab7277ac529a6b0,Douglas Campbell,CAMPBELL DOUGLAS,4183,584484,0.007156739962086216,false,election_results,represented_body=toronto_city_council;office_type=mayor;year=2006
toronto_2006,can_98e4815b33ec543795f6d28ed05ad4a1,Bob Smith,SMITH BOB,1105,584484,0.001890556456635254,false,election_results,represented_body=toronto_city_council;office_type=mayor;year=2006
toronto_2006,can_f7ce3d9f41af56b5972c9ddba07d37ff,Mitch Gold,GOLD MITCH,880,584484,0.001505601522026266,false,election_results,represented_body=toronto_city_council;office_type=mayor;year=2006
toronto_2006,per_00921a06f9c055308d625ebdf0b27711,Glenn Coles,COLES GLENN,1019,584484,0.001743418126073597,false,election_results,represented_body=toronto_city_council;office_type=mayor;year=2006
toronto_2006,per_0223dedf507754a3854b961824adcf83,Nicholas Brooks,BROOKS NICHOLAS,1397,584484,0.002390142416216697,false,election_results,represented_body=toronto_city_council;office_type=mayor;year=2006
toronto_2006,per_0517e294728a58aa874e4aabcca03521,Ratan Wadhwa,WADHWA RATAN,696,584484,0.001190793931057138,false,election_results,represented_body=toronto_city_council;office_type=mayor;year=2006
toronto_2006,per_1719fdd9a5275156b33c60bf8868c0ee,John Weingust,WEINGUST JOHN,312,584484,0.000533804175991131,false,election_results,represented_body=toronto_city_council;office_type=mayor;year=2006
toronto_2006,per_2caad634fc1456b6ba7a980c8312c17e,Adam Sit,SIT ADAM,663,584484,0.001134333873981153,false,election_results,represented_body=toronto_city_council;office_type=mayor;year=2006
toronto_2006,per_3b5c691ecc49595daa1d84a97b6544de,Gerald Derome,DEROME GERALD,578,584484,0.000988906454239979,false,election_results,represented_body=toronto_city_council;office_type=mayor;year=2006
toronto_2006,per_3e820a80c77250e1b797e0f736a3134d,Hazel Jackson,JACKSON HAZEL,3333,584484,0.005702465764674482,false,election_results,represented_body=toronto_city_council;office_type=mayor;year=2006
toronto_2006,per_3ff516049e055949b3339ede8711970a,David Vallance,VALLANCE DAVID,486,584484,0.000831502658755415,false,election_results,represented_body=toronto_city_council;office_type=mayor;year=2006
toronto_2006,per_4a53cf446c775aa1be941d62d6d60a30,David Dicks,DICKS DAVID,1283,584484,0.002195098582681476,false,election_results,represented_body=toronto_city_council;office_type=mayor;year=2006
toronto_2006,per_4c9e81f6b6445ffebd300a53e7d377f1,Stephen Ledrew,LEDREW STEPHEN,8078,584484,0.013820737607872927,false,election_results,represented_body=toronto_city_council;office_type=mayor;year=2006
toronto_2006,per_546a50310fbe5401a126a3864d97fbb3,Kevin Clarke,CLARKE KEVIN,2081,584484,0.003560405417428022,false,election_results,represented_body=toronto_city_council;office_type=mayor;year=2006
toronto_2006,per_586f69cee3315f4dbc8ce7917366ab03,Duri Naimji,NAIMJI DURI,1240,584484,0.002121529417400647,false,election_results,represented_body=toronto_city_council;office_type=mayor;year=2006
toronto_2006,per_5f49bd5e980455e2a6af1cc63b8ad014,Peter Styrsky,STYRSKY PETER,945,584484,0.001616810725357751,false,election_results,represented_body=toronto_city_council;office_type=mayor;year=2006
toronto_2006,per_63c85beabb355cde9ccbc6e0b42933c1,Lee Romano,ROMANO LEE,3108,584484,0.005317510830065494,false,election_results,represented_body=toronto_city_council;office_type=mayor;year=2006
toronto_2006,per_6bf38ca530a1574684d74d6c5f66fbd5,Diana-De Maxted,MAXTED DIANA-DE,1311,584484,0.002243004085655039,false,election_results,represented_body=toronto_city_council;office_type=mayor;year=2006
toronto_2006,per_6fa95a22036e5279a6c9dda12dc05329,Joel Rubinovich,RUBINOVICH JOEL,1642,584484,0.002809315567235373,false,election_results,represented_body=toronto_city_council;office_type=mayor;year=2006
toronto_2006,per_75acdc8e18f1542e9b84c1738d3909a9,Michael Alexander,ALEXANDER MICHAEL,5247,584484,0.008977149075081610,false,election_results,represented_body=toronto_city_council;office_type=mayor;year=2006
toronto_2006,per_8a60c00a844156639bf93d52cc71852d,Paul Sheldon,SHELDON PAUL,624,584484,0.001067608351982261,false,election_results,represented_body=toronto_city_council;office_type=mayor;year=2006
toronto_2006,per_8e1056bd79e75f908e9dc80651f3db3c,Jaime Castillo,CASTILLO JAIME,5215,584484,0.008922399928826110,false,election_results,represented_body=toronto_city_council;office_type=mayor;year=2006
toronto_2006,per_9de924e2d8ff579cacdb2e5027737548,Mark Korolnek,KOROLNEK MARK,1079,584484,0.001846072775302660,false,election_results,represented_body=toronto_city_council;office_type=mayor;year=2006
toronto_2006,per_a51a614c1bd4524a95cd20d9c9e588e2,David Schiebel,SCHIEBEL DAVID,498,584484,0.000852033588601228,false,election_results,represented_body=toronto_city_council;office_type=mayor;year=2006
toronto_2006,per_ad293f1387af572cad45897886519bb6,David Miller,MILLER DAVID,332969,584484,0.569680264985867877,true,election_results,represented_body=toronto_city_council;office_type=mayor;year=2006
toronto_2006,per_b62fdba5ba625769a6480528bbd38dca,Thomas Shipley,SHIPLEY THOMAS,574,584484,0.000982062810958042,false,election_results,represented_body=toronto_city_council;office_type=mayor;year=2006
toronto_2006,per_c9a7d50181da5451b3323ccb324e4062,Ryan Goldhar,GOLDHAR RYAN,787,584484,0.001346486815721217,false,election_results,represented_body=toronto_city_council;office_type=mayor;year=2006
toronto_2006,per_ca6dcba1d1715eab92254efbd75b26ff,Monowar Hossain,HOSSAIN MONOWAR,2726,584484,0.004663942896640456,false,election_results,represented_body=toronto_city_council;office_type=mayor;year=2006
toronto_2006,per_d1c09b2fbf475567a8314393a32512d4,Rodney Muir,MUIR RODNEY,1458,584484,0.002494507976266245,false,election_results,represented_body=toronto_city_council;office_type=mayor;year=2006
toronto_2006,per_d9a3d025f28b525b8c44fffb6b2a87c0,John Porter,PORTER JOHN,1348,584484,0.002306307786012962,false,election_results,represented_body=toronto_city_council;office_type=mayor;year=2006
toronto_2006,per_dd9f6d1c03125a3496a60aaf718f694d,Joseph Young,YOUNG JOSEPH,2264,584484,0.003873502097576666,false,election_results,represented_body=toronto_city_council;office_type=mayor;year=2006
toronto_2006,per_dfbf7f6d2caf5e8d9d41b0a804c80c28,Shaun Bruce,BRUCE SHAUN,2820,584484,0.004824768513765988,false,election_results,represented_body=toronto_city_council;office_type=mayor;year=2006
toronto_2006,per_e01363e3660c520ab06ad950c7870eab,Mark State,STATE MARK,194,584484,0.000331916699173972,false,election_results,represented_body=toronto_city_council;office_type=mayor;year=2006
toronto_2006,per_f82cc356a3c4516388273690b095fe32,Jane Pitfield,PITFIELD JANE,188932,584484,0.323245803135757352,false,election_results,represented_body=toronto_city_council;office_type=mayor;year=2006
toronto_2006,per_fdc39aa7a20f5d42bef0228fec3d6f26,Dave Dumoulin,DUMOULIN DAVE,601,584484,0.001028257403111120,false,election_results,represented_body=toronto_city_council;office_type=mayor;year=2006
toronto_2010,can_607cafdc2ebb5be9a591dda97c9fa8c0,Charlene Cottle,COTTLE CHARLENE,733,813984,0.000900509100915989,false,election_results,represented_body=toronto_city_council;office_type=mayor;year=2010
toronto_2010,can_855b08e5881a50b9b4addd837f61f6eb,Douglas Campbell,CAMPBELL DOUGLAS,1428,813984,0.001754334237528010,false,election_results,represented_body=toronto_city_council;office_type=mayor;year=2010
toronto_2010,can_8f834e1ee97255f9bd40c06534b0b510,Don Andrews,ANDREWS DON,1032,813984,0.001267838188465621,false,election_results,represented_body=toronto_city_council;office_type=mayor;year=2010
toronto_2010,can_902ddc5622a35769b0dc9503aefc2dec,Himy Syed,SYED HIMY,582,813984,0.000715001769076542,false,election_results,represented_body=toronto_city_council;office_type=mayor;year=2010
toronto_2010,can_e60a24304cc75db8881c28a499a682ed,Mark State,STATE MARK,438,813984,0.000538094114872037,false,election_results,represented_body=toronto_city_council;office_type=mayor;year=2010
toronto_2010,per_0517e294728a58aa874e4aabcca03521,Ratan Wadhwa,WADHWA RATAN,290,813984,0.000356272359161851,false,election_results,represented_body=toronto_city_council;office_type=mayor;year=2010
toronto_2010,per_0e32707dc0ef54e69f20d2ee7c0507aa,Rocco Rossi,ROSSI ROCCO,5012,813984,0.006157369186617919,false,election_results,represented_body=toronto_city_council;office_type=mayor;year=2010
toronto_2010,per_2015d6f02b2351ffbbbb167bc74bda56,Vijay Sarma,SARMA VIJAY,2264,813984,0.002781381452215277,false,election_results,represented_body=toronto_city_council;office_type=mayor;year=2010
toronto_2010,per_2e1f584ce3cd5bf89a6c7f7a410b658d,Keith Cole,COLE KEITH,801,813984,0.000984048826512560,false,election_results,represented_body=toronto_city_council;office_type=mayor;year=2010
toronto_2010,per_36e4ae8248a45f3ab01a2e4dc3ccc91a,Colin Magee,MAGEE COLIN,401,813984,0.000492638675944490,false,election_results,represented_body=toronto_city_council;office_type=mayor;year=2010
toronto_2010,per_3a2fd4dcc9125d67af5b628373f21fcd,Weizhen Tang,TANG WEIZHEN,890,813984,0.001093387585013956,false,election_results,represented_body=toronto_city_council;office_type=mayor;year=2010
toronto_2010,per_3b5c691ecc49595daa1d84a97b6544de,Gerald Derome,DEROME GERALD,251,813984,0.000308359869481464,false,election_results,represented_body=toronto_city_council;office_type=mayor;year=2010
toronto_2010,per_3bcca97368575b6f819b1259f8c0327c,John Letonja,LETONJA JOHN,592,813984,0.000727287022840744,false,election_results,represented_body=toronto_city_council;office_type=mayor;year=2010
toronto_2010,per_3ff516049e055949b3339ede8711970a,David Vallance,VALLANCE DAVID,444,813984,0.000545465267130558,false,election_results,represented_body=toronto_city_council;office_type=mayor;year=2010
toronto_2010,per_43d2cff752b05eddae604526908c2c33,Joseph Pampena,PAMPENA JOSEPH,1319,813984,0.001620424971498211,false,election_results,represented_body=toronto_city_council;office_type=mayor;year=2010
toronto_2010,per_546a50310fbe5401a126a3864d97fbb3,Kevin Clarke,CLARKE KEVIN,1411,813984,0.001733449306128867,false,election_results,represented_body=toronto_city_council;office_type=mayor;year=2010
toronto_2010,per_58016e26ffa55f6bbdc8f7490273a4a5,George Smitherman,SMITHERMAN GEORGE,289832,813984,0.356065966898612258,false,election_results,represented_body=toronto_city_council;office_type=mayor;year=2010
toronto_2010,per_5826949850dc517881b06f33ff6b49bf,Abdullah-Baquie Ghazi,GHAZI ABDULLAH-BAQUIE,2761,813984,0.003391958564296104,false,election_results,represented_body=toronto_city_council;office_type=mayor;year=2010
toronto_2010,per_5cc859642668534db58be6479481df06,Diane Devenyi,DEVENYI DIANE,629,813984,0.000772742461768290,false,election_results,represented_body=toronto_city_council;office_type=mayor;year=2010
toronto_2010,per_6ada52a686585954b4f4b0d6457d1961,Michael Flie,FLIE MICHAEL,1190,813984,0.001461945197940009,false,election_results,represented_body=toronto_city_council;office_type=mayor;year=2010
toronto_2010,per_721c1ebdb22d5407aa07f265f4724c05,Howard Gomberg,GOMBERG HOWARD,477,813984,0.000586006604552424,false,election_results,represented_body=toronto_city_council;office_type=mayor;year=2010
toronto_2010,per_75acdc8e18f1542e9b84c1738d3909a9,Michael Alexander,ALEXANDER MICHAEL,2470,813984,0.003034457679757833,false,election_results,represented_body=toronto_city_council;office_type=mayor;year=2010
toronto_2010,per_85286126260c5826bb10831e39d8b19f,Rob Ford,FORD ROB,383501,813984,0.471140710382513661,true,election_results,represented_body=toronto_city_council;office_type=mayor;year=2010
toronto_2010,per_8b0e7a458a2a528ea1e9cb5e33fac12a,Carmen Macklin,MACKLIN CARMEN,575,813984,0.000706402091441601,false,election_results,represented_body=toronto_city_council;office_type=mayor;year=2010
toronto_2010,per_8e1056bd79e75f908e9dc80651f3db3c,Jaime Castillo,CASTILLO JAIME,1874,813984,0.002302256555411409,false,election_results,represented_body=toronto_city_council;office_type=mayor;year=2010
toronto_2010,per_95aec9b2003e56e3a8c1ec0af4643dcb,Dewitt Lee,LEE DEWITT,1699,813984,0.002087264614537878,false,election_results,represented_body=toronto_city_council;office_type=mayor;year=2010
toronto_2010,per_ac32e66055fa547f8f3cf1c2d6f6723e,Rocco Achampong,ACHAMPONG ROCCO,2805,813984,0.003446013680858592,false,election_results,represented_body=toronto_city_council;office_type=mayor;year=2010
toronto_2010,per_bfe12e26fd635fccb85fb102ef10a4f2,James Di Fiore,DI FIORE JAMES,655,813984,0.000804684121555215,false,election_results,represented_body=toronto_city_council;office_type=mayor;year=2010
toronto_2010,per_c406764d901f58ed92e0e2c11173373a,Selwyn Firth,FIRTH SELWYN,394,813984,0.000484038998309549,false,election_results,represented_body=toronto_city_council;office_type=mayor;year=2010
toronto_2010,per_c8dc8f2b4c1855fd86ac1dfc1b6b65b6,Michael Brausewetter,BRAUSEWETTER MICHAEL,796,813984,0.000977906199630460,false,election_results,represented_body=toronto_city_council;office_type=mayor;year=2010
toronto_2010,per_ca6dcba1d1715eab92254efbd75b26ff,Monowar Hossain,HOSSAIN MONOWAR,1194,813984,0.001466859299445689,false,election_results,represented_body=toronto_city_council;office_type=mayor;year=2010
toronto_2010,per_cecd3bd2462c5fd5b42420df4549a36c,George Babula,BABULA GEORGE,3273,813984,0.004020963557023234,false,election_results,represented_body=toronto_city_council;office_type=mayor;year=2010
toronto_2010,per_d2a78a2d0b1c5d21804593dc11d87914,Joe Pantalone,PANTALONE JOE,95482,813984,0.117302059991351181,false,election_results,represented_body=toronto_city_council;office_type=mayor;year=2010
toronto_2010,per_d422aa968a085f6996f11772e59028f7,Tibor Steinberger,STEINBERGER TIBOR,735,813984,0.000902966151668829,false,election_results,represented_body=toronto_city_council;office_type=mayor;year=2010
toronto_2010,per_d9cad16378985718bd83dab61597ad91,Phil Taylor,TAYLOR PHIL,429,813984,0.000527037386484255,false,election_results,represented_body=toronto_city_council;office_type=mayor;year=2010
toronto_2010,per_da0ef4d789325a28a1be943072e02556,Christopher Ball,BALL CHRISTOPHER,696,813984,0.000855053661988442,false,election_results,represented_body=toronto_city_council;office_type=mayor;year=2010
toronto_2010,per_dd1d69cfa8595d0c8c04ad360fa02bc5,Barry Goodhead,GOODHEAD BARRY,740,813984,0.000909108778550930,false,election_results,represented_body=toronto_city_council;office_type=mayor;year=2010
toronto_2010,per_e9c195ba937751869154a92d57592773,Sarah Thomson,THOMSON SARAH,1883,813984,0.002313313283799190,false,election_results,represented_body=toronto_city_council;office_type=mayor;year=2010
toronto_2010,per_fcab4370a7af55018ff53e74fe336a1b,Daniel Walker,WALKER DANIEL,804,813984,0.000987734402641821,false,election_results,represented_body=toronto_city_council;office_type=mayor;year=2010
toronto_2010,per_ff056fc0e23851078243e1be89112c34,David Epstein,EPSTEIN DAVID,1202,813984,0.001476687502457051,false,election_results,represented_body=toronto_city_council;office_type=mayor;year=2010
toronto_2014,can_2c732a315c0255edbb6a4a2c723fe9fc,Ramnarine Tiwari,TIWARI RAMNARINE,1008,981054,0.001027466377997541,false,election_results,represented_body=toronto_city_council;office_type=mayor;year=2014
toronto_2014,can_47a8eb50a52a5f718c57f22a7a4298b7,Michael Nicula,NICULA MICHAEL,145,981054,0.000147800223025440,false,election_results,represented_body=toronto_city_council;office_type=mayor;year=2014
toronto_2014,can_5d59fc9086f85163a890a566c523a80b,Ram Narula,NARULA RAM,156,981054,0.000159012653737715,false,election_results,represented_body=toronto_city_council;office_type=mayor;year=2014
toronto_2014,can_62dec8a29c3b5b7297b37c797bc4008c,Don Andrews,ANDREWS DON,1012,981054,0.001031543625529278,false,election_results,represented_body=toronto_city_council;office_type=mayor;year=2014
toronto_2014,can_651b853772e55a8b9e1bdd9d74d0242d,Troy Young,YOUNG TROY,411,981054,0.000418937183885902,false,election_results,represented_body=toronto_city_council;office_type=mayor;year=2014
toronto_2014,can_caa4c8e8903d5dbca64b7a42377aa9db,Wally Schwauss,SCHWAUSS WALLY,97,981054,0.000098873252644605,false,election_results,represented_body=toronto_city_council;office_type=mayor;year=2014
toronto_2014,can_ed46ec230e995716bffa0b9934561fed,Josh Rachlis,RACHLIS JOSH,201,981054,0.000204881688469748,false,election_results,represented_body=toronto_city_council;office_type=mayor;year=2014
toronto_2014,per_0517e294728a58aa874e4aabcca03521,Ratan Wadhwa,WADHWA RATAN,73,981054,0.000074409767454187,false,election_results,represented_body=toronto_city_council;office_type=mayor;year=2014
toronto_2014,per_05ce6d03856557819528f457a5983a8a,Chinh Huynh,HUYNH CHINH,312,981054,0.000318025307475429,false,election_results,represented_body=toronto_city_council;office_type=mayor;year=2014
toronto_2014,per_0d9c428ffe445ef29d2dfbf47b3aae24,Selina Chan,CHAN SELINA,2336,981054,0.002381112558533985,false,election_results,represented_body=toronto_city_council;office_type=mayor;year=2014
toronto_2014,per_1448a64ccb2b5de8ad05fab642163e9b,Matthew Wong,WONG MATTHEW,491,981054,0.000500482134520628,false,election_results,represented_body=toronto_city_council;office_type=mayor;year=2014
toronto_2014,per_15643a9d6a59549bb8e536af298a4b2c,Doug Ford,FORD DOUG,331006,981054,0.337398349122474400,false,election_results,represented_body=toronto_city_council;office_type=mayor;year=2014
toronto_2014,per_1631b62ce84c599ea3026022732ebe2f,Lee Romanov,ROMANOV LEE,271,981054,0.000276233520275133,false,election_results,represented_body=toronto_city_council;office_type=mayor;year=2014
toronto_2014,per_19d18c2b88bd59e4b65f48587ba5e2a6,Steven Lam,LAM STEVEN,226,981054,0.000230364485543100,false,election_results,represented_body=toronto_city_council;office_type=mayor;year=2014
toronto_2014,per_1ca243742949540da12c82be34c39677,Radu Popescu,POPESCU RADU,233,981054,0.000237499668723638,false,election_results,represented_body=toronto_city_council;office_type=mayor;year=2014
toronto_2014,per_1f14717084d1534fb6fdc1fad2b53c61,Sam Surendran,SURENDRAN SAM,569,981054,0.000579988461389485,false,election_results,represented_body=toronto_city_council;office_type=mayor;year=2014
toronto_2014,per_220ee34b65be5759b95d8a41261d2ab9,Jeff Billard,BILLARD JEFF,288,981054,0.000293561822285012,false,election_results,represented_body=toronto_city_council;office_type=mayor;year=2014
toronto_2014,per_2309f68fde445e3c99d814b93562079e,Jonathan Glaister,GLAISTER JONATHAN,748,981054,0.000762445288434684,false,election_results,represented_body=toronto_city_council;office_type=mayor;year=2014
toronto_2014,per_260c9c1e28795eea83c1b2b13b0560a3,Klim Khomenko,KHOMENKO KLIM,186,981054,0.000189592010225737,false,election_results,represented_body=toronto_city_council;office_type=mayor;year=2014
toronto_2014,per_28c61b2d83d9518aaffab5e89e69a354,Jim Ruel,RUEL JIM,110,981054,0.000112124307122748,false,election_results,represented_body=toronto_city_council;office_type=mayor;year=2014
toronto_2014,per_297640184b3351a7b84f07febd4b6b42,Jon Karsemeyer,KARSEMEYER JON,232,981054,0.000236480356840704,false,election_results,represented_body=toronto_city_council;office_type=mayor;year=2014
toronto_2014,per_2d58661c3d25577680d67e2f3fde5c30,Jack Weenen,WEENEN JACK,52,981054,0.000053004217912572,false,election_results,represented_body=toronto_city_council;office_type=mayor;year=2014
toronto_2014,per_333b3bc5696a59448cfbe0d73810df81,Frank Burgess,BURGESS FRANK,335,981054,0.000341469480782913,false,election_results,represented_body=toronto_city_council;office_type=mayor;year=2014
toronto_2014,per_41dc384da6e55b8cabdc6be980e83b85,Jamie Shannon,SHANNON JAMIE,156,981054,0.000159012653737715,false,election_results,represented_body=toronto_city_council;office_type=mayor;year=2014
toronto_2014,per_44f66b463766596c98084d2664960c43,Leo Gambin,GAMBIN LEO,165,981054,0.000168186460684121,false,election_results,represented_body=toronto_city_council;office_type=mayor;year=2014
toronto_2014,per_546a50310fbe5401a126a3864d97fbb3,Kevin Clarke,CLARKE KEVIN,547,981054,0.000557563599964936,false,election_results,represented_body=toronto_city_council;office_type=mayor;year=2014
toronto_2014,per_64dad2d6694e5f7f9bc1ccc303285797,Donovan Searchwell,SEARCHWELL DONOVAN,90,981054,0.000091738069464066,false,election_results,represented_body=toronto_city_council;office_type=mayor;year=2014
toronto_2014,per_66e11a92d7ec557fb19d9806cce389ed,Matt Mernagh,MERNAGH MATT,102,981054,0.000103969812059275,false,election_results,represented_body=toronto_city_council;office_type=mayor;year=2014
toronto_2014,per_6861d9045e6f50269011693bc0eeb2f0,Michael Gordon,GORDON MICHAEL,388,981054,0.000395493010578419,false,election_results,represented_body=toronto_city_council;office_type=mayor;year=2014
toronto_2014,per_7a46fcbcfdb35f3383a07a14a0dd36bd,Erwin Sniedzins,SNIEDZINS ERWIN,105,981054,0.000107027747708077,false,election_results,represented_body=toronto_city_council;office_type=mayor;year=2014
toronto_2014,per_7a6c09e82feb52cdbcd1fa757f7c708d,Chai Kalevar,KALEVAR CHAI,102,981054,0.000103969812059275,false,election_results,represented_body=toronto_city_council;office_type=mayor;year=2014
toronto_2014,per_852a89f85f165260a26c92ed1a2fedcf,Diana Maxted,MAXTED DIANA,117,981054,0.000119259490303286,false,election_results,represented_body=toronto_city_council;office_type=mayor;year=2014
toronto_2014,per_85db760386e754a9a5813439fefb4a75,Russell Saunders,SAUNDERS RUSSELL,134,981054,0.000136587792313165,false,election_results,represented_body=toronto_city_council;office_type=mayor;year=2014
toronto_2014,per_8660037195c3514e9819047251771fb3,René Viau,VIAU RENÉ,69,981054,0.000070332519922451,false,election_results,represented_body=toronto_city_council;office_type=mayor;year=2014
toronto_2014,per_8a763b498d7f570f93df82248c4257c6,Morgan Baskin,BASKIN MORGAN,1009,981054,0.001028485689880475,false,election_results,represented_body=toronto_city_council;office_type=mayor;year=2014
toronto_2014,per_9455112738ad5463a8e1894382c4ea35,Matthew Crack,CRACK MATTHEW,366,981054,0.000373068149153869,false,election_results,represented_body=toronto_city_council;office_type=mayor;year=2014
toronto_2014,per_95aec9b2003e56e3a8c1ec0af4643dcb,Dewitt Lee,LEE DEWITT,489,981054,0.000498443510754760,false,election_results,represented_body=toronto_city_council;office_type=mayor;year=2014
toronto_2014,per_982c9c62bb1c57adb17e98d3b4185842,Carlie Ritch,RITCH CARLIE,194,981054,0.000197746505289209,false,election_results,represented_body=toronto_city_council;office_type=mayor;year=2014
toronto_2014,per_9f197100b236547bb471a62dbdb08798,D!Onne Renée,RENÉE D!ONNE,323,981054,0.000329237738187704,false,election_results,represented_body=toronto_city_council;office_type=mayor;year=2014
toronto_2014,per_a18d65068c13549f8923dd682232564e,Gary Mcbean,MCBEAN GARY,135,981054,0.000137607104196099,false,election_results,represented_body=toronto_city_council;office_type=mayor;year=2014
toronto_2014,per_a27742832f555b798fcf8d524229afdd,Robb Johannes,JOHANNES ROBB,756,981054,0.000770599783498156,false,election_results,represented_body=toronto_city_council;office_type=mayor;year=2014
toronto_2014,per_a4291ca7539b53e2acc1c4f108bc73e6,Olivia Chow,CHOW OLIVIA,227003,981054,0.231386855361682435,false,election_results,represented_body=toronto_city_council;office_type=mayor;year=2014
toronto_2014,per_a9eb70da799659daaa285f92cfed1674,John Tory,TORY JOHN,395124,981054,0.402754588432441028,true,election_results,represented_body=toronto_city_council;office_type=mayor;year=2014
toronto_2014,per_afc1279f074d5e39b30769e3dcbe0fd8,Mike Gallay,GALLAY MIKE,570,981054,0.000581007773272419,false,election_results,represented_body=toronto_city_council;office_type=mayor;year=2014
toronto_2014,per_b794031287ad574a87a43f1312960c51,Michael Tramov,TRAMOV MICHAEL,560,981054,0.000570814654443079,false,election_results,represented_body=toronto_city_council;office_type=mayor;year=2014
toronto_2014,per_b88438675ed856d989c7dd50ebe2321d,Mohammad Okhovat,OKHOVAT MOHAMMAD,318,981054,0.000324141178773034,false,election_results,represented_body=toronto_city_council;office_type=mayor;year=2014
toronto_2014,per_b9848d16eaa55829a3141a231a042e41,Oweka-Arac Ongwen,ONGWEN OWEKA-ARAC,56,981054,0.000057081465444308,false,election_results,represented_body=toronto_city_council;office_type=mayor;year=2014
toronto_2014,per_b9ad3d82629d5bb285a3dee21726e9de,Said Aly,ALY SAID,800,981054,0.000815449506347255,false,election_results,represented_body=toronto_city_council;office_type=mayor;year=2014
toronto_2014,per_c1470e49399e5df7911756ba02a2094a,Ashok Sajnani,SAJNANI ASHOK,368,981054,0.000375106772919737,false,election_results,represented_body=toronto_city_council;office_type=mayor;year=2014
toronto_2014,per_c2e140d6be9452d288969122bf79e04a,Christina Van Eyck,VAN EYCK CHRISTINA,203,981054,0.000206920312235616,false,election_results,represented_body=toronto_city_council;office_type=mayor;year=2014
toronto_2014,per_ca6dcba1d1715eab92254efbd75b26ff,Monowar Hossain,HOSSAIN MONOWAR,614,981054,0.000625857496121518,false,election_results,represented_body=toronto_city_council;office_type=mayor;year=2014
toronto_2014,per_cd89ca62f093556095821674d48e8999,George Dedopoulos,DEDOPOULOS GEORGE,941,981054,0.000959172481840959,false,election_results,represented_body=toronto_city_council;office_type=mayor;year=2014
toronto_2014,per_d0e1a492cc415992bd9556421b74e4bb,Pat Roberge,ROBERGE PAT,273,981054,0.000278272144041001,false,election_results,represented_body=toronto_city_council;office_type=mayor;year=2014
toronto_2014,per_d422aa968a085f6996f11772e59028f7,Tibor Steinberger,STEINBERGER TIBOR,188,981054,0.000191630633991605,false,election_results,represented_body=toronto_city_council;office_type=mayor;year=2014
toronto_2014,per_d56bee2ca05351f8b7552ca3b7ea5e5e,Mark Cidade,CIDADE MARK,453,981054,0.000461748282969133,false,election_results,represented_body=toronto_city_council;office_type=mayor;year=2014
toronto_2014,per_d79dc3cc28a758e8bf22c25cc5904413,Dave Mckay,MCKAY DAVE,407,981054,0.000414859936354166,false,election_results,represented_body=toronto_city_council;office_type=mayor;year=2014
toronto_2014,per_da0ef4d789325a28a1be943072e02556,Christopher Ball,BALL CHRISTOPHER,377,981054,0.000384280579866144,false,election_results,represented_body=toronto_city_council;office_type=mayor;year=2014
toronto_2014,per_e2815fb5e9f95206a8445fda6161f285,Rocco Di Paola,DI PAOLA ROCCO,1557,981054,0.001587068601728345,false,election_results,represented_body=toronto_city_council;office_type=mayor;year=2014
toronto_2014,per_e94ceaa3434d590b9e0c4d940024084e,Jonathan Bliguin,BLIGUIN JONATHAN,207,981054,0.000210997559767352,false,election_results,represented_body=toronto_city_council;office_type=mayor;year=2014
toronto_2014,per_ee2c9d9b1fde5d0f96c594163ce98ba7,Hïmy Syed,SYED HÏMY,465,981054,0.000473980025564342,false,election_results,represented_body=toronto_city_council;office_type=mayor;year=2014
toronto_2014,per_efe62b5d72555a638be014ddbb7d3fda,Michael Tasevski,TASEVSKI MICHAEL,319,981054,0.000325160490655968,false,election_results,represented_body=toronto_city_council;office_type=mayor;year=2014
toronto_2014,per_f54ef7ff90a950019b389c23f2a1b8cd,Veerayya Kembhavimath,KEMBHAVIMATH VEERAYYA,294,981054,0.000299677693582616,false,election_results,represented_body=toronto_city_council;office_type=mayor;year=2014
toronto_2014,per_f9222b75cf2859e5881c8372c08a43d3,Ari Goldkind,GOLDKIND ARI,3916,981054,0.003991625333569814,false,election_results,represented_body=toronto_city_council;office_type=mayor;year=2014
toronto_2014,per_fcab4370a7af55018ff53e74fe336a1b,Daniel Walker,WALKER DANIEL,162,981054,0.000165128525035319,false,election_results,represented_body=toronto_city_council;office_type=mayor;year=2014
toronto_2014,per_fe82c40a1c495908839517b615cffd5f,Charles Huang,HUANG CHARLES,134,981054,0.000136587792313165,false,election_results,represented_body=toronto_city_council;office_type=mayor;year=2014
toronto_2018,can_52d46247bd9c530da77e6418e8ac8d6b,Jim Ruel,Ruel Jim,276,755493,0.000365324364355461,false,election_results,represented_body=toronto_city_council;office_type=mayor;year=2018
toronto_2018,can_53229f9b8fe45259ba3605ff38b3f5db,Steven Lam,Lam Steven,5920,755493,0.007835942887624372,false,election_results,represented_body=toronto_city_council;office_type=mayor;year=2018
toronto_2018,can_79e64e3492e35d3bb1e4bf7f1c601301,Jim Mcmillan,McMillan Jim,2422,755493,0.003205853661119296,false,election_results,represented_body=toronto_city_council;office_type=mayor;year=2018
toronto_2018,can_87dc09963d025b42ba1ed862a1a3086e,Michael Nicula,Nicula Michael,1048,755493,0.001387173673349720,false,election_results,represented_body=toronto_city_council;office_type=mayor;year=2018
toronto_2018,can_96f062b6011c5751b9af93ac278236c8,Josh Rachlis,Rachlis Josh,337,755493,0.000446066343434023,false,election_results,represented_body=toronto_city_council;office_type=mayor;year=2018
toronto_2018,can_a1647b119b3851b9a8aabcc849109b3a,Brian Graff,Graff Brian,1139,755493,0.001507624822466919,false,election_results,represented_body=toronto_city_council;office_type=mayor;year=2018
toronto_2018,can_b75454bcf056511da55ae510a7dd12cb,James Sears,Sears James,680,755493,0.000900074520875773,false,election_results,represented_body=toronto_city_council;office_type=mayor;year=2018
toronto_2018,can_ccdc24b06c7f5a78a4795c6f379da8b5,Knia Singh,Singh Knia,3244,755493,0.004293884920177950,false,election_results,represented_body=toronto_city_council;office_type=mayor;year=2018
toronto_2018,can_cdde72f0068456ac965f1fe2ad01d2c9,Daryl Christoff,Christoff Daryl,1751,755493,0.002317691891255114,false,election_results,represented_body=toronto_city_council;office_type=mayor;year=2018
toronto_2018,per_180777ad0c72588ab6a53ccfb7601ac3,Drew Buckingham,Buckingham Drew,1971,755493,0.002608892471538452,false,election_results,represented_body=toronto_city_council;office_type=mayor;year=2018
toronto_2018,per_1fb558ab3343524eb3d4a8e94e6e615b,Kris Langenfeld,Langenfeld Kris,695,755493,0.000919929105895091,false,election_results,represented_body=toronto_city_council;office_type=mayor;year=2018
toronto_2018,per_24e85a7c22ae58c49d59a4e9c8aec843,Joseph Osuji,Osuji Joseph,486,755493,0.000643288554625920,false,election_results,represented_body=toronto_city_council;office_type=mayor;year=2018
toronto_2018,per_25eb809ff24a5bef9bad4993816a6bcf,Brian Buffey,Buffey Brian,1275,755493,0.001687639726642073,false,election_results,represented_body=toronto_city_council;office_type=mayor;year=2018
toronto_2018,per_2d58661c3d25577680d67e2f3fde5c30,Jack Weenen,Weenen Jack,607,755493,0.000803448873781756,false,election_results,represented_body=toronto_city_council;office_type=mayor;year=2018
toronto_2018,per_319762b1c03257379d11645d8f274d01,Ion Gelu Vintila,Vintila Ion Gelu,565,755493,0.000747856035727664,false,election_results,represented_body=toronto_city_council;office_type=mayor;year=2018
toronto_2018,per_3c3b72c14bbe53b9a7229c4712a6163e,Chris Brosky,Brosky Chris,2782,755493,0.003682363701582940,false,election_results,represented_body=toronto_city_council;office_type=mayor;year=2018
toronto_2018,per_43d2cff752b05eddae604526908c2c33,Joseph Pampena,Pampena Joseph,773,755493,0.001023172947995547,false,election_results,represented_body=toronto_city_council;office_type=mayor;year=2018
toronto_2018,per_49a098eb192452f988a3a579ef7f9cca,Jennifer Keesmaat,Keesmaat Jennifer,178193,755493,0.235863204556494898,false,election_results,represented_body=toronto_city_council;office_type=mayor;year=2018
toronto_2018,per_546a50310fbe5401a126a3864d97fbb3,Kevin Clarke,Clarke Kevin,3853,755493,0.005099981071962282,false,election_results,represented_body=toronto_city_council;office_type=mayor;year=2018
toronto_2018,per_5639f3389cb55fc2a2f0738002e3925f,Logan Choy,Choy Logan,3518,755493,0.004656562006530835,false,election_results,represented_body=toronto_city_council;office_type=mayor;year=2018
toronto_2018,per_5c2512ca171e50e789d118d701532590,Tofazzel Haque,Haque Tofazzel,2307,755493,0.003053635175971187,false,election_results,represented_body=toronto_city_council;office_type=mayor;year=2018
toronto_2018,per_64fc452958e758909ab756ebba731391,Faith Goldy,Goldy Faith,25667,755493,0.033973842246056549,false,election_results,represented_body=toronto_city_council;office_type=mayor;year=2018
toronto_2018,per_6e5ba008b4a35c35a6b89bb9a5251301,Gautam Nath,Nath Gautam,1474,755493,0.001951043887898366,false,election_results,represented_body=toronto_city_council;office_type=mayor;year=2018
toronto_2018,per_6ea0690ff4d9588ea33a0f89489fd7da,Thomas O'Neill,O'Neill Thomas,1325,755493,0.001753821676706468,false,election_results,represented_body=toronto_city_council;office_type=mayor;year=2018
toronto_2018,per_79d654cb934c519998b37e8bfc06f367,Sarah Climenhaga,Climenhaga Sarah,4765,755493,0.006307139841136847,false,election_results,represented_body=toronto_city_council;office_type=mayor;year=2018
toronto_2018,per_7a6c09e82feb52cdbcd1fa757f7c708d,Chai Kalevar,Kalevar Chai,615,755493,0.000814037985792059,false,election_results,represented_body=toronto_city_council;office_type=mayor;year=2018
toronto_2018,per_8ebbc038b64a5e2b80600f5f8f018c84,Saron Gebresellassi,Gebresellassi Saron,15222,755493,0.020148432877604425,false,election_results,represented_body=toronto_city_council;office_type=mayor;year=2018
toronto_2018,per_9f197100b236547bb471a62dbdb08798,D!Onne Renée,Renée D!ONNE,1280,755493,0.001694257921648513,false,election_results,represented_body=toronto_city_council;office_type=mayor;year=2018
toronto_2018,per_a9eb70da799659daaa285f92cfed1674,John Tory,Tory John,479659,755493,0.634895359718753185,true,election_results,represented_body=toronto_city_council;office_type=mayor;year=2018
toronto_2018,per_afc1279f074d5e39b30769e3dcbe0fd8,Mike Gallay,Gallay Mike,1940,755493,0.002567859662498527,false,election_results,represented_body=toronto_city_council;office_type=mayor;year=2018
toronto_2018,per_be7378ea4f785ac391eae064f0b9bb2e,Dobrosav Basaric,Basaric Dobrosav,2882,755493,0.003814727601711730,false,election_results,represented_body=toronto_city_council;office_type=mayor;year=2018
toronto_2018,per_ca6dcba1d1715eab92254efbd75b26ff,Monowar Hossain,Hossain Monowar,3602,755493,0.004767747682639018,false,election_results,represented_body=toronto_city_council;office_type=mayor;year=2018
toronto_2018,per_f176253f1d0852e08962e3217283a812,Jakob Vardy,Vardy Jakob,757,755493,0.001001994723974941,false,election_results,represented_body=toronto_city_council;office_type=mayor;year=2018
toronto_2018,per_fd5a41d5e2b950859ccf0598f5424530,Andrzej Kardys,Kardys Andrzej,1035,755493,0.001369966366332977,false,election_results,represented_body=toronto_city_council;office_type=mayor;year=2018
toronto_2018,per_ffb263466b6251c1b280184bf3eedc7a,Christopher Humphrey,Humphrey Christopher,1428,755493,0.001890156493839122,false,election_results,represented_body=toronto_city_council;office_type=mayor;year=2018
toronto_2022,can_0a4ce7edba2e522ca838be9dddcdecee,Chloe-Marie Brown,Brown Chloe-Marie,34821,551890,0.063094094837739405,false,election_results,represented_body=toronto_city_council;office_type=mayor;year=2022
toronto_2022,can_10b7ae4c81cc5e1982c5e91eea050fa0,Knia Singh,Singh Knia,3030,551890,0.005490224501259309,false,election_results,represented_body=toronto_city_council;office_type=mayor;year=2022
toronto_2022,can_1d782a80905b5c87b0af521fbaac88d9,Tony Luk,Luk Tony,6662,551890,0.012071246081646705,false,election_results,represented_body=toronto_city_council;office_type=mayor;year=2022
toronto_2022,can_9d27262b83f25fb8a76d8ae72a18481c,Elvira Caputolan,Caputolan Elvira,1280,551890,0.002319302759607893,false,election_results,represented_body=toronto_city_council;office_type=mayor;year=2022
toronto_2022,can_b6296a74053e53caba36ab7e3ac0ead3,Sandeep Srivastava,Srivastava Sandeep,2024,551890,0.003667397488629981,false,election_results,represented_body=toronto_city_council;office_type=mayor;year=2022
toronto_2022,per_027e4ec097c05f859f63fc8b3605fa9a,Avraham Arrobas,Arrobas Avraham,942,551890,0.001706861874648934,false,election_results,represented_body=toronto_city_council;office_type=mayor;year=2022
toronto_2022,per_0cd10735a5995ac8bbd9447b52874763,Robert Hatton,Hatton Robert,1918,551890,0.003475330228849952,false,election_results,represented_body=toronto_city_council;office_type=mayor;year=2022
toronto_2022,per_180777ad0c72588ab6a53ccfb7601ac3,Drew Buckingham,Buckingham Drew,1679,551890,0.003042272916704416,false,election_results,represented_body=toronto_city_council;office_type=mayor;year=2022
toronto_2022,per_1a1430dddf9b58a59838a1fdcc2433b4,Alexey Efimovskikh,Efimovskikh Alexey,844,551890,0.001529290257116454,false,election_results,represented_body=toronto_city_council;office_type=mayor;year=2022
toronto_2022,per_1fb558ab3343524eb3d4a8e94e6e615b,Kris Langenfeld,Langenfeld Kris,1326,551890,0.002402652702531302,false,election_results,represented_body=toronto_city_council;office_type=mayor;year=2022
toronto_2022,per_24e4f4fc217c5db6849d74005b7bcfce,Reginald Tull,Tull Reginald,3935,551890,0.007130044030513327,false,election_results,represented_body=toronto_city_council;office_type=mayor;year=2022
toronto_2022,per_2e09cc2131e850569ffcbc258da1e1e0,Stephen Punwasi,Punwasi Stephen,5236,551890,0.009487397851021037,false,election_results,represented_body=toronto_city_council;office_type=mayor;year=2022
toronto_2022,per_3bcca97368575b6f819b1259f8c0327c,John Letonja,Letonja John,859,551890,0.001556469586330609,false,election_results,represented_body=toronto_city_council;office_type=mayor;year=2022
toronto_2022,per_44eeea26f85953059feb6f7142156801,Khadijah Jamal,Jamal Khadijah,3656,551890,0.006624508507130044,false,election_results,represented_body=toronto_city_council;office_type=mayor;year=2022
toronto_2022,per_546a50310fbe5401a126a3864d97fbb3,Kevin Clarke,Clarke Kevin,4333,551890,0.007851202232328906,false,election_results,represented_body=toronto_city_council;office_type=mayor;year=2022
toronto_2022,per_5542c2a9da75521a8c92b062a2f48b33,Peter Handjis,Handjis Peter,755,551890,0.001368026237112468,false,election_results,represented_body=toronto_city_council;office_type=mayor;year=2022
toronto_2022,per_5d57c79fc5535df09fabfca40e7cd274,Arjun Gupta,Gupta Arjun,2843,551890,0.005151388863722843,false,election_results,represented_body=toronto_city_council;office_type=mayor;year=2022
toronto_2022,per_6dbd346ddaba5349b1188f1bbd6e5478,Cory Deville,Deville Cory,1142,551890,0.002069252930837667,false,election_results,represented_body=toronto_city_council;office_type=mayor;year=2022
toronto_2022,per_6e171bb7fd2e5d1c8ff463a47570b795,Jack Yan,Yan Jack,5585,551890,0.010119770244070376,false,election_results,represented_body=toronto_city_council;office_type=mayor;year=2022
toronto_2022,per_77e692e7548a5e4e98e842b5bb38b8a9,Gil Penalosa,Penalosa Gil,98525,551890,0.178522894054974723,false,election_results,represented_body=toronto_city_council;office_type=mayor;year=2022
toronto_2022,per_79d654cb934c519998b37e8bfc06f367,Sarah Climenhaga,Climenhaga Sarah,6729,551890,0.012192647085469931,false,election_results,represented_body=toronto_city_council;office_type=mayor;year=2022
toronto_2022,per_830dd3152c6253f7b9bf701d1527612e,Blake Acton,Acton Blake,8893,551890,0.016113718313432024,false,election_results,represented_body=toronto_city_council;office_type=mayor;year=2022
toronto_2022,per_85df93151d89561a93343109120f7610,Isabella Gamk,Gamk Isabella,1151,551890,0.002085560528366160,false,election_results,represented_body=toronto_city_council;office_type=mayor;year=2022
toronto_2022,per_9f197100b236547bb471a62dbdb08798,D!Onne Renée,Renée D!ONNE,1483,551890,0.002687129681639457,false,election_results,represented_body=toronto_city_council;office_type=mayor;year=2022
toronto_2022,per_9f67b789fc5b5c02b13cd4bd68d628f8,Soaad Hossain,Hossain Soaad,1670,551890,0.003025965319175923,false,election_results,represented_body=toronto_city_council;office_type=mayor;year=2022
toronto_2022,per_a49b2b1d5390538b931d307bf5e340ce,Darren Atkinson,Atkinson Darren,2580,551890,0.004674844624834659,false,election_results,represented_body=toronto_city_council;office_type=mayor;year=2022
toronto_2022,per_a9eb70da799659daaa285f92cfed1674,John Tory,Tory John,342158,551890,0.619974995017122977,true,election_results,represented_body=toronto_city_council;office_type=mayor;year=2022
toronto_2022,per_c09f47766cf3563aadb63a999ec069e2,Kyle Schwartz,Schwartz Kyle,1357,551890,0.002458823316240555,false,election_results,represented_body=toronto_city_council;office_type=mayor;year=2022
toronto_2022,per_ca6dcba1d1715eab92254efbd75b26ff,Monowar Hossain,Hossain Monowar,1840,551890,0.003333997716936346,false,election_results,represented_body=toronto_city_council;office_type=mayor;year=2022
toronto_2022,per_e183e527feb952699944c4abd17c209d,Ferin Malek,Malek Ferin,939,551890,0.001701426008806103,false,election_results,represented_body=toronto_city_council;office_type=mayor;year=2022
toronto_2022,per_e4852aeb4c6754f1bb0e4106992c8dc8,Phillip D'Cruze,D'Cruze Phillip,1695,551890,0.003071264201199514,false,election_results,represented_body=toronto_city_council;office_type=mayor;year=2022
toronto_2023,can_0a39edf5aae0590da15f809494094c13,Michael Nicula,Nicula Michael,88,724638,0.000121439946566424,false,election_results,represented_body=toronto_city_council;office_type=mayor;year=2023
toronto_2023,can_0d3d22121f125aaf8b8c50d8249cd8ad,Cleveland Marshall,Marshall Cleveland,270,724638,0.000372599836056072,false,election_results,represented_body=toronto_city_council;office_type=mayor;year=2023
toronto_2023,can_15006fa79b5d59eebfc3c3fa525a4989,Bob Murphy,Murphy Bob,203,724638,0.000280139876738454,false,election_results,represented_body=toronto_city_council;office_type=mayor;year=2023
toronto_2023,can_24f733187692598f8e67ecce5c5c754a,Syed Jaffery,Jaffery Syed,147,724638,0.000202859910741639,false,election_results,represented_body=toronto_city_council;office_type=mayor;year=2023
toronto_2023,can_36226ff3112258c59b7e63796661e2cc,Sandeep Srivastava,Srivastava Sandeep,166,724638,0.000229079899204844,false,election_results,represented_body=toronto_city_council;office_type=mayor;year=2023
toronto_2023,can_3a472f55ed855197a5f3a713feb1d248,Habiba Desai,Desai Habiba,196,724638,0.000270479880988852,false,election_results,represented_body=toronto_city_council;office_type=mayor;year=2023
toronto_2023,can_628904260b3f58c488005d6d4f16f9e5,Jose Baking,Baking Jose,284,724638,0.000391919827555276,false,election_results,represented_body=toronto_city_council;office_type=mayor;year=2023
toronto_2023,can_641f8be541aa5889b9e411708561e316,Knia Singh,Singh Knia,246,724638,0.000339479850628866,false,election_results,represented_body=toronto_city_council;office_type=mayor;year=2023
toronto_2023,can_825165fe8bfa50188c81c79298e04646,Kiri Vadivelu,Vadivelu Kiri,290,724638,0.000400199823912077,false,election_results,represented_body=toronto_city_council;office_type=mayor;year=2023
toronto_2023,can_94cf5ce722615692aace51d578fc69d6,Brian Graff,Graff Brian,89,724638,0.000122819945959224,false,election_results,represented_body=toronto_city_council;office_type=mayor;year=2023
toronto_2023,can_b488077318d654e084858744f0201e4a,Reginald Tull,Tull Reginald,482,724638,0.000665159707329729,false,election_results,represented_body=toronto_city_council;office_type=mayor;year=2023
toronto_2023,can_bd7a93d04bc65745a11c77953b7f9629,Walayat Khan,Khan Walayat,109,724638,0.000150419933815229,false,election_results,represented_body=toronto_city_council;office_type=mayor;year=2023
toronto_2023,can_c02fa9387c7857aba4dee1a4ab505441,Willie Reodica,Reodica Willie,225,724638,0.000310499863380060,false,election_results,represented_body=toronto_city_council;office_type=mayor;year=2023
toronto_2023,can_c458b8383dee5de183d5d6499e9b0df2,Peter Handjis,Handjis Peter,127,724638,0.000175259922885634,false,election_results,represented_body=toronto_city_council;office_type=mayor;year=2023
toronto_2023,can_d405f499e16f570caef3fee37fe3d9a2,Thomas Hall,Hall Thomas,258,724638,0.000356039843342469,false,election_results,represented_body=toronto_city_council;office_type=mayor;year=2023
toronto_2023,can_d698ce0f57b65f72921bac8a1d9c6fdc,Sharif Ahmed,Ahmed Sharif,814,724638,0.001123319505739417,false,election_results,represented_body=toronto_city_council;office_type=mayor;year=2023
toronto_2023,can_ff1d6257a2e75e6db8a1bd2bcb826d78,Serge Korovitsyn,Korovitsyn Serge,96,724638,0.000132479941708826,false,election_results,represented_body=toronto_city_council;office_type=mayor;year=2023
toronto_2023,per_06db8a018943512f82658f4ab0a1dfbd,Eliazar Bonilla,Bonilla Eliazar,310,724638,0.000427799811768083,false,election_results,represented_body=toronto_city_council;office_type=mayor;year=2023
toronto_2023,per_087dcd195baf5de195e51603d5bfbea2,Matti Charlton,Charlton Matti,134,724638,0.000184919918635236,false,election_results,represented_body=toronto_city_council;office_type=mayor;year=2023
toronto_2023,per_0cdfdee4ed0b5227a5687557bbe84ef7,Daniel Irmya,Irmya Daniel,27,724638,0.000037259983605607,false,election_results,represented_body=toronto_city_council;office_type=mayor;year=2023
toronto_2023,per_1059a8710c525086809685501b69531e,Gru Jesse Allan,Allan Gru Jesse,352,724638,0.000485759786265694,false,election_results,represented_body=toronto_city_council;office_type=mayor;year=2023
toronto_2023,per_18786ecd2dc7506794ac10340a5f68f6,Anthony Perruzza,Perruzza Anthony,3025,724638,0.004174498163220808,false,election_results,represented_body=toronto_city_council;office_type=mayor;year=2023
toronto_2023,per_1f2c34ba45ab54e8bbb973ce1b1c2647,Dionysios Apostolopoulos,Apostolopoulos Dionysios,726,724638,0.001001879559172994,false,election_results,represented_body=toronto_city_council;office_type=mayor;year=2023
toronto_2023,per_1fb558ab3343524eb3d4a8e94e6e615b,Kris Langenfeld,Langenfeld Kris,137,724638,0.000189059916813637,false,election_results,represented_body=toronto_city_council;office_type=mayor;year=2023
toronto_2023,per_24f2faac6a7b5335856dc76026775ab7,Celina Caesar-Chavannes,Caesar-Chavannes Celina,254,724638,0.000350519845771268,false,election_results,represented_body=toronto_city_council;office_type=mayor;year=2023
toronto_2023,per_25eb809ff24a5bef9bad4993816a6bcf,Brian Buffey,Buffey Brian,113,724638,0.000155939931386430,false,election_results,represented_body=toronto_city_council;office_type=mayor;year=2023
toronto_2023,per_27c46c62f83c5dbaae44b65d34a178c6,Anthony Furey,Furey Anthony,35899,724638,0.049540598202136791,false,election_results,represented_body=toronto_city_council;office_type=mayor;year=2023
toronto_2023,per_2a0809ffec18563292e0e1363aff66f6,Rob Davis,Davis Rob,378,724638,0.000521639770478501,false,election_results,represented_body=toronto_city_council;office_type=mayor;year=2023
toronto_2023,per_2b5ed007ea2350d2a19169242281d2eb,Meir Straus,Straus Meir,129,724638,0.000178019921671234,false,election_results,represented_body=toronto_city_council;office_type=mayor;year=2023
toronto_2023,per_2d58661c3d25577680d67e2f3fde5c30,Jack Weenen,Weenen Jack,30,724638,0.000041399981784008,false,election_results,represented_body=toronto_city_council;office_type=mayor;year=2023
toronto_2023,per_35ebd4ce3b2b5d648d9e9b50e5fcb876,Rocco Schipano,Schipano Rocco,94,724638,0.000129719942923225,false,election_results,represented_body=toronto_city_council;office_type=mayor;year=2023
toronto_2023,per_3a2fd4dcc9125d67af5b628373f21fcd,Weizhen Tang,Tang Weizhen,125,724638,0.000172499924100033,false,election_results,represented_body=toronto_city_council;office_type=mayor;year=2023
toronto_2023,per_3bcca97368575b6f819b1259f8c0327c,John Letonja,Letonja John,45,724638,0.000062099972676012,false,election_results,represented_body=toronto_city_council;office_type=mayor;year=2023
toronto_2023,per_3c4c47a1baa15013a01f794c9d2f9194,Frank D'Angelo,D'Angelo Frank,343,724638,0.000473339791730492,false,election_results,represented_body=toronto_city_council;office_type=mayor;year=2023
toronto_2023,per_3d01257b04ee593ba687dedd5c0fcf0b,Atef Aly,Aly Atef,147,724638,0.000202859910741639,false,election_results,represented_body=toronto_city_council;office_type=mayor;year=2023
toronto_2023,per_3ec4e3ff861d57519f52e15b4a9449a7,Giorgio Mammoliti,Mammoliti Giorgio,1105,724638,0.001524899329044295,false,election_results,represented_body=toronto_city_council;office_type=mayor;year=2023
toronto_2023,per_402fead433b15ff0a78397d8a82a45d1,James Guglielmin,Guglielmin James,101,724638,0.000139379938672827,false,election_results,represented_body=toronto_city_council;office_type=mayor;year=2023
toronto_2023,per_424fd6af33ed5e0bae4177a42cde6c21,Xiao Hua Gong,Gong Xiao Hua,2983,724638,0.004116538188723197,false,election_results,represented_body=toronto_city_council;office_type=mayor;year=2023
toronto_2023,per_43f1b32af5cb56a097a08728c1bd8787,Sheila Igodan,Igodan Sheila,42,724638,0.000057959974497611,false,election_results,represented_body=toronto_city_council;office_type=mayor;year=2023
toronto_2023,per_46779385ba305d05b1ac1b31a7e7f8a4,Bahira Abdulsalam,Abdulsalam Bahira,913,724638,0.001259939445626644,false,election_results,represented_body=toronto_city_council;office_type=mayor;year=2023
toronto_2023,per_50d5d6394aae549ebb2f7c7883715b93,Heather He,He Heather,297,724638,0.000409859819661679,false,election_results,represented_body=toronto_city_council;office_type=mayor;year=2023
toronto_2023,per_51c99e4d6502584a9b601b51dc026a6f,Paul Collins,Collins Paul,168,724638,0.000231839897990445,false,election_results,represented_body=toronto_city_council;office_type=mayor;year=2023
toronto_2023,per_546a50310fbe5401a126a3864d97fbb3,Kevin Clarke,Clarke Kevin,265,724638,0.000365699839092071,false,election_results,represented_body=toronto_city_council;office_type=mayor;year=2023
toronto_2023,per_560f8e733f03582da9f59904430cc506,Frank D'Amico,D'Amico Frank,357,724638,0.000492659783229695,false,election_results,represented_body=toronto_city_council;office_type=mayor;year=2023
toronto_2023,per_5639f3389cb55fc2a2f0738002e3925f,Logan Choy,Choy Logan,695,724638,0.000959099577996186,false,election_results,represented_body=toronto_city_council;office_type=mayor;year=2023
toronto_2023,per_5b922e00b239538d9ec34f8216b43554,Jamil Nowwarah,Nowwarah Jamil,38,724638,0.000052439976926410,false,election_results,represented_body=toronto_city_council;office_type=mayor;year=2023
toronto_2023,per_5ccf79e8a54f5724aa3469ade37aaae2,Ben Bankas,Bankas Ben,203,724638,0.000280139876738454,false,election_results,represented_body=toronto_city_council;office_type=mayor;year=2023
toronto_2023,per_5f637e13a37351d08bd18167949ccf38,Faizul Mohee,Mohee Faizul,255,724638,0.000351899845164068,false,election_results,represented_body=toronto_city_council;office_type=mayor;year=2023
toronto_2023,per_5fb31a56234b5d4da03e82871fe80ea2,Glen Benway,Benway Glen,118,724638,0.000162839928350432,false,election_results,represented_body=toronto_city_council;office_type=mayor;year=2023
toronto_2023,per_69529146105a5d85ae577db19104ceed,Josh Matlow,Matlow Josh,35572,724638,0.049089338400691104,false,election_results,represented_body=toronto_city_council;office_type=mayor;year=2023
toronto_2023,per_6b409c9d32c35b059eff6f4b4af1ad93,Samson Deb,Deb Samson,129,724638,0.000178019921671234,false,election_results,represented_body=toronto_city_council;office_type=mayor;year=2023
toronto_2023,per_6c4d13bdb048521e8decad122d81128a,Mitzie Hunter,Hunter Mitzie,21229,724638,0.029296007109756872,false,election_results,represented_body=toronto_city_council;office_type=mayor;year=2023
toronto_2023,per_6c9a69eca7e35b46b94f7b0486baf25a,Claudette Beals,Beals Claudette,151,724638,0.000208379908312840,false,election_results,represented_body=toronto_city_council;office_type=mayor;year=2023
toronto_2023,per_6dbd346ddaba5349b1188f1bbd6e5478,Cory Deville,Deville Cory,96,724638,0.000132479941708826,false,election_results,represented_body=toronto_city_council;office_type=mayor;year=2023
toronto_2023,per_6df1a502d1b450369a2cc47794639812,Mark Saunders,Saunders Mark,62167,724638,0.085790422252214209,false,election_results,represented_body=toronto_city_council;office_type=mayor;year=2023
toronto_2023,per_750d53e1877b5e4d998d490962e09c56,Simryn Fenby,Fenby Simryn,97,724638,0.000133859941101626,false,election_results,represented_body=toronto_city_council;office_type=mayor;year=2023
toronto_2023,per_7573b94c349651f1a8b3bbada8b8734d,Patricia Johnston,Johnston Patricia,217,724638,0.000299459868237658,false,election_results,represented_body=toronto_city_council;office_type=mayor;year=2023
toronto_2023,per_79d654cb934c519998b37e8bfc06f367,Sarah Climenhaga,Climenhaga Sarah,195,724638,0.000269099881596052,false,election_results,represented_body=toronto_city_council;office_type=mayor;year=2023
toronto_2023,per_79e177b8bcd459a4a45c23c58b4c6679,John Winter,Winter John,118,724638,0.000162839928350432,false,election_results,represented_body=toronto_city_council;office_type=mayor;year=2023
toronto_2023,per_7a46fcbcfdb35f3383a07a14a0dd36bd,Erwin Sniedzins,Sniedzins Erwin,38,724638,0.000052439976926410,false,election_results,represented_body=toronto_city_council;office_type=mayor;year=2023
toronto_2023,per_7aeeba269b125686b7d0ac75dff59893,Nathalie Xian Yi Yan,Yan Nathalie Xian Yi,180,724638,0.000248399890704048,false,election_results,represented_body=toronto_city_council;office_type=mayor;year=2023
toronto_2023,per_7ba9dd7761ed57c99a31e3620d35a120,John Ransome,Ransome John,75,724638,0.000103499954460020,false,election_results,represented_body=toronto_city_council;office_type=mayor;year=2023
toronto_2023,per_7c0d1da4e83f5d9687b6e5fb6a2b9c52,Roland Chan,Chan Roland,515,724638,0.000710699687292138,false,election_results,represented_body=toronto_city_council;office_type=mayor;year=2023
toronto_2023,per_7c39295b0c855389b474267d2886f053,Ari Grosman,Grosman Ari,177,724638,0.000244259892525647,false,election_results,represented_body=toronto_city_council;office_type=mayor;year=2023
toronto_2023,per_7cc9cda1dc6e54848e9afd44a18eeccc,Rick Lee,Lee Rick,241,724638,0.000332579853664864,false,election_results,represented_body=toronto_city_council;office_type=mayor;year=2023
toronto_2023,per_7d742d5f9a2c5bcba30ad9fd2830762a,Walter Rubino,Rubino Walter,67,724638,0.000092459959317618,false,election_results,represented_body=toronto_city_council;office_type=mayor;year=2023
toronto_2023,per_7fc7f3792f7654e3a4087b71e42e3308,David Gulyas,Gulyas David,120,724638,0.000165599927136032,false,election_results,represented_body=toronto_city_council;office_type=mayor;year=2023
toronto_2023,per_810f80ff5e45529898f6d969094f1cc5,Toby Heaps,Heaps Toby,593,724638,0.000818339639930558,false,election_results,represented_body=toronto_city_council;office_type=mayor;year=2023
toronto_2023,per_830dd3152c6253f7b9bf701d1527612e,Blake Acton,Acton Blake,264,724638,0.000364319839699271,false,election_results,represented_body=toronto_city_council;office_type=mayor;year=2023
toronto_2023,per_85df93151d89561a93343109120f7610,Isabella Gamk,Gamk Isabella,88,724638,0.000121439946566424,false,election_results,represented_body=toronto_city_council;office_type=mayor;year=2023
toronto_2023,per_8afaf25437095dfcbd9beff992f6446f,Mitchell Toye,Toye Mitchell,72,724638,0.000099359956281619,false,election_results,represented_body=toronto_city_council;office_type=mayor;year=2023
toronto_2023,per_8c7425f72b6a5bcda1ef216826467f2d,Robert Shusterman,Shusterman Robert,114,724638,0.000157319930779230,false,election_results,represented_body=toronto_city_council;office_type=mayor;year=2023
toronto_2023,per_8ef901346c0c59b3bc201b31d4705311,Partap Dua Singh,Singh Partap Dua,132,724638,0.000182159919849635,false,election_results,represented_body=toronto_city_council;office_type=mayor;year=2023
toronto_2023,per_9f197100b236547bb471a62dbdb08798,D!Onne Renée,Renée D!ONNE,188,724638,0.000259439885846450,false,election_results,represented_body=toronto_city_council;office_type=mayor;year=2023
toronto_2023,per_a0a36e645a3e509289839f6e1edb450b,Mark Leliever,LeLiever Mark,259,724638,0.000357419842735269,false,election_results,represented_body=toronto_city_council;office_type=mayor;year=2023
toronto_2023,per_a2f465237728513faa499f1e093a6030,Romero Danny Chevalier,Chevalier Romero Danny,281,724638,0.000387779829376875,false,election_results,represented_body=toronto_city_council;office_type=mayor;year=2023
toronto_2023,per_a4291ca7539b53e2acc1c4f108bc73e6,Olivia Chow,Chow Olivia,269372,724638,0.371733196437393568,true,election_results,represented_body=toronto_city_council;office_type=mayor;year=2023
toronto_2023,per_a49b2b1d5390538b931d307bf5e340ce,Darren Atkinson,Atkinson Darren,192,724638,0.000264959883417651,false,election_results,represented_body=toronto_city_council;office_type=mayor;year=2023
toronto_2023,per_a4fd4e25c3395cb0a5b8b6f82fa5ecad,Yuanqian Wei,Wei Yuanqian,78,724638,0.000107639952638421,false,election_results,represented_body=toronto_city_council;office_type=mayor;year=2023
toronto_2023,per_a6020eb075f450f2b743fbfc12a07170,Chris Saccoccia,Saccoccia Chris,8001,724638,0.011041375141794938,false,election_results,represented_body=toronto_city_council;office_type=mayor;year=2023
toronto_2023,per_abd4663f08cb5b11bbe72c502697a809,Chloe Brown,Brown Chloe,18831,724638,0.025986768565821831,false,election_results,represented_body=toronto_city_council;office_type=mayor;year=2023
toronto_2023,per_af9b42612918591ca5bd5d03c1927be5,Lyall Sanders,Sanders Lyall,2775,724638,0.003829498315020741,false,election_results,represented_body=toronto_city_council;office_type=mayor;year=2023
toronto_2023,per_b5ab3633dfdf5f78a4d1f7171b915c09,Michael Jensen,Jensen Michael,115,724638,0.000158699930172031,false,election_results,represented_body=toronto_city_council;office_type=mayor;year=2023
toronto_2023,per_bec5516fb8b55eb7a771e956b6fa6631,Monica Forrester,Forrester Monica,278,724638,0.000383639831198474,false,election_results,represented_body=toronto_city_council;office_type=mayor;year=2023
toronto_2023,per_bf835453599750fd9459d3598e4a5c1b,Gordon Cohen,Cohen Gordon,214,724638,0.000295319870059257,false,election_results,represented_body=toronto_city_council;office_type=mayor;year=2023
toronto_2023,per_c08c931ffbde58c79e8374fe1f60915b,Michael Lamoureux,Lamoureux Michael,120,724638,0.000165599927136032,false,election_results,represented_body=toronto_city_council;office_type=mayor;year=2023
toronto_2023,per_c35d9063616551bd8e5e1537c1415410,Mason Carrie,Carrie Mason,150,724638,0.000206999908920040,false,election_results,represented_body=toronto_city_council;office_type=mayor;year=2023
toronto_2023,per_c436325c907752d88c3799baa64f2b98,Emmanuel Acquaye,Acquaye Emmanuel,236,724638,0.000325679856700863,false,election_results,represented_body=toronto_city_council;office_type=mayor;year=2023
toronto_2023,per_c64b2651882e5e9ab548d42a7da31538,Jeffery Tunney,Tunney Jeffery,83,724638,0.000114539949602422,false,election_results,represented_body=toronto_city_council;office_type=mayor;year=2023
toronto_2023,per_c65aa34f4c135e6d8ded3b1c556e2efc,Jody Williams,Williams Jody,160,724638,0.000220799902848043,false,election_results,represented_body=toronto_city_council;office_type=mayor;year=2023
toronto_2023,per_ca6dcba1d1715eab92254efbd75b26ff,Monowar Hossain,Hossain Monowar,164,724638,0.000226319900419244,false,election_results,represented_body=toronto_city_council;office_type=mayor;year=2023
toronto_2023,per_cd7e9c58080e574a98e84cc9a97c477c,Adil Goraya,Goraya Adil,104,724638,0.000143519936851228,false,election_results,represented_body=toronto_city_council;office_type=mayor;year=2023
toronto_2023,per_d492c4df53cd5a0f97c23a4a034822b2,Jamie Atkinson,Atkinson Jamie,361,724638,0.000498179780800896,false,election_results,represented_body=toronto_city_council;office_type=mayor;year=2023
toronto_2023,per_d8dfddfb642358e299f4b428292666bf,Brad Bradford,Bradford Brad,9254,724638,0.012770514380973672,false,election_results,represented_body=toronto_city_council;office_type=mayor;year=2023
toronto_2023,per_e42110d6d55c5145b6ff91e7169bffae,Ana Bailão,Bailão Ana,235175,724638,0.324541357201802831,false,election_results,represented_body=toronto_city_council;office_type=mayor;year=2023
toronto_2023,per_e4852aeb4c6754f1bb0e4106992c8dc8,Phillip D'Cruze,D'Cruze Phillip,68,724638,0.000093839958710418,false,election_results,represented_body=toronto_city_council;office_type=mayor;year=2023
toronto_2023,per_e8759e319e415017932e3fb7ae85c941,Norman Macleod,MacLeod Norman,163,724638,0.000224939901026444,false,election_results,represented_body=toronto_city_council;office_type=mayor;year=2023
toronto_2023,per_f164a8908f8a56df9d4fa4003c820be9,Steve Mann,Mann Steve,127,724638,0.000175259922885634,false,election_results,represented_body=toronto_city_council;office_type=mayor;year=2023
toronto_2023,per_f26091dd537854849c35ce81ed4cf123,Asadul Alam,Alam Asadul,257,724638,0.000354659843949669,false,election_results,represented_body=toronto_city_council;office_type=mayor;year=2023
toronto_2023,per_f4782c4f89145a45917011c14f4dded2,Scott Furnival,Furnival Scott,110,724638,0.000151799933208029,false,election_results,represented_body=toronto_city_council;office_type=mayor;year=2023
toronto_2023,per_f7c5bb44e64856a0a62070bff05b3715,Feng Gao,Gao Feng,198,724638,0.000273239879774453,false,election_results,represented_body=toronto_city_council;office_type=mayor;year=2023
toronto_2023,per_ff86d6a1252a5577986206c8f73cf3f8,Raksheni Sivaneswaran,Sivaneswaran Raksheni,779,724638,0.001075019526991408,false,election_results,represented_body=toronto_city_council;office_type=mayor;year=2023
