poll_reading_id,scope,measurement_class
pallas_20250607_mayor_all,citywide_mayoral,campaign_vote_intention
pallas_20250607_mayor_leaning,citywide_mayoral,campaign_vote_intention
pallas_20250607_mayor_decided_leaning,citywide_mayoral,campaign_vote_intention
liaison_20250702_06_mayor_with_tory_all,citywide_mayoral,campaign_vote_intention
liaison_20250702_06_mayor_with_tory_decided,citywide_mayoral,campaign_vote_intention
liaison_20250702_06_mayor_without_tory_all,citywide_mayoral,alternative_ballot
liaison_20250702_06_mayor_without_tory_decided,citywide_mayoral,alternative_ballot
ipsos_20250829_mayor_all,citywide_mayoral,campaign_vote_intention
forum_20250904_mayor_primary,citywide_mayoral,campaign_vote_intention
forum_20250904_mayor_chow_tory,citywide_mayoral,alternative_ballot
forum_20250904_mayor_chow_bradford,citywide_mayoral,alternative_ballot
forum_20250904_mayor_chow_bailao,citywide_mayoral,alternative_ballot
canadapulse_20251006_mayor_all,citywide_mayoral,question_scope_unclear
liaison_20251022_23_mayor_all,citywide_mayoral,campaign_vote_intention
liaison_20251022_23_mayor_decided,citywide_mayoral,campaign_vote_intention
liaison_20251219_21_mayor_all,citywide_mayoral,campaign_vote_intention
liaison_20251219_21_mayor_decided,citywide_mayoral,campaign_vote_intention
liaison_20260131_0202_mayor_all,citywide_mayoral,campaign_vote_intention
liaison_20260131_0202_mayor_five_option,citywide_mayoral,campaign_vote_intention
mainstreet_20260222_mayor_all,citywide_mayoral,campaign_vote_intention
mainstreet_20260222_mayor_decided_undecided,citywide_mayoral,campaign_vote_intention
mainstreet_20260222_mayor_decided,citywide_mayoral,campaign_vote_intention
liaison_20260306_08_mayor_all,citywide_mayoral,campaign_vote_intention
liaison_20260306_08_mayor_decided_leaning,citywide_mayoral,campaign_vote_intention
pallas_20260308_mayor_all,citywide_mayoral,campaign_vote_intention
pallas_20260308_mayor_decided,citywide_mayoral,campaign_vote_intention
pallas_20260308_mayor_ford_all,citywide_mayoral,alternative_ballot
pallas_20260308_mayor_ford_decided,citywide_mayoral,alternative_ballot
liaison_20260412_13_mayor_all,citywide_mayoral,campaign_vote_intention
liaison_20260412_13_mayor_decided_leaning,citywide_mayoral,campaign_vote_intention
liaison_20260510_11_mayor_unlabelled_all_field,citywide_mayoral,campaign_vote_intention
liaison_20260510_11_mayor_decided_leaning,citywide_mayoral,campaign_vote_intention
mainstreet_20260618_mayor_raw,citywide_mayoral,campaign_vote_intention
mainstreet_20260618_mayor_leaning,citywide_mayoral,campaign_vote_intention
mainstreet_20260618_mayor_decided,citywide_mayoral,campaign_vote_intention
mainstreet_20260618_mayor_forced_two_way,citywide_mayoral,alternative_ballot
liaison_20260628_30_mayor_all,citywide_mayoral,campaign_vote_intention
liaison_20260628_30_mayor_decided,citywide_mayoral,campaign_vote_intention
liaison_20260724_26_mayor_all,citywide_mayoral,campaign_vote_intention
liaison_20260724_26_mayor_decided_leaning,citywide_mayoral,campaign_vote_intention
forum_20260729_mayor_primary,citywide_mayoral,alternative_ballot
forum_20260729_mayor_alexander,citywide_mayoral,campaign_vote_intention
liaison_20260804_05_mayor_all,citywide_mayoral,campaign_vote_intention
liaison_20260804_05_mayor_decided_leaning,citywide_mayoral,campaign_vote_intention
liaison_20260814_16_mayor_all,citywide_mayoral,campaign_vote_intention
liaison_20260814_16_mayor_decided_leaning,citywide_mayoral,campaign_vote_intention
pallas_20260819_21_mayor_all,citywide_mayoral,campaign_vote_intention
pallas_20260819_21_mayor_leaning_with_undecided,citywide_mayoral,campaign_vote_intention
pallas_20260819_21_mayor_decided_leaning,citywide_mayoral,campaign_vote_intention
liaison_20260904_05_mayor_all,citywide_mayoral,campaign_vote_intention
liaison_20260904_05_mayor_decided_leaning,citywide_mayoral,campaign_vote_intention
mainstreet_20260914_mayor_all,citywide_mayoral,campaign_vote_intention
mainstreet_20260914_mayor_decided,citywide_mayoral,campaign_vote_intention
liaison_20260919_20_mayor_all,citywide_mayoral,campaign_vote_intention
liaison_20260919_20_mayor_decided_leaning,citywide_mayoral,campaign_vote_intention
ipsos_20260904_08_mayor_all,citywide_mayoral,campaign_vote_intention
ipsos_20260904_08_mayor_extremely_likely,citywide_mayoral,campaign_vote_intention
forum_20260923_mayor,citywide_mayoral,campaign_vote_intention
canadapulse_20260914_24_mayor_all,citywide_mayoral,campaign_vote_intention
canadapulse_20260914_24_mayor_decided_leaning,citywide_mayoral,campaign_vote_intention
canadapulse_20260914_24_mayor_time_for_change,citywide_mayoral,routed_subgroup
liaison_20260926_27_mayor_all,citywide_mayoral,campaign_vote_intention
liaison_20260926_27_mayor_decided_leaning,citywide_mayoral,campaign_vote_intention
mainstreet_20260928_29_mayor_all,citywide_mayoral,campaign_vote_intention
mainstreet_20260928_29_mayor_decided_leaning,citywide_mayoral,campaign_vote_intention
mainstreet_20260928_29_mayor_head_to_head_all,citywide_mayoral,alternative_ballot
liaison_20261003_04_mayor_all,citywide_mayoral,campaign_vote_intention
liaison_20261003_04_mayor_decided_leaning,citywide_mayoral,campaign_vote_intention
nanos_20260930_1004_mayor_all,citywide_mayoral,campaign_vote_intention
nanos_20260930_1004_mayor_decided_leaning,citywide_mayoral,campaign_vote_intention
nanos_20260930_1004_mayor_lean_followup,citywide_mayoral,conditional_lean_followup
nanos_20260930_1004_mayor_decided_definitely_vote,citywide_mayoral,campaign_vote_intention
nanos_20260930_1004_mayor_decided_other_turnout,citywide_mayoral,routed_subgroup
nanos_20260930_1004_mayor_all_definitely_vote,citywide_mayoral,campaign_vote_intention
nanos_20260930_1004_mayor_all_other_turnout,citywide_mayoral,routed_subgroup
forum_20261006_mayor,citywide_mayoral,campaign_vote_intention
