ward,poll_id,firm,date_conducted,date_published,sample_size,methodology,denominator,ballot_status,candidate_id,candidate_name,share,is_incumbent,is_residual,registration_status,undecided_share,source_url,notes
13,forum-ward13-2026-06-23,Forum Research,2026-06-23,2026-06-24,355,IVR,decided voters,different_candidate_field,moise,Chris Moise,0.35,true,false,registered,0.45,,Published decided-voter topline
13,forum-ward13-2026-06-23,Forum Research,2026-06-23,2026-06-24,355,IVR,decided voters,different_candidate_field,tate,Daniel Tate,0.19,false,false,unregistered,0.45,,Published decided-voter topline; not registered when this snapshot was built
13,forum-ward13-2026-06-23,Forum Research,2026-06-23,2026-06-24,355,IVR,decided voters,different_candidate_field,stikuts,Curran Stikuts,0.06,false,false,registered,0.45,,Published decided-voter topline
13,forum-ward13-2026-06-23,Forum Research,2026-06-23,2026-06-24,355,IVR,decided voters,different_candidate_field,residual,Other candidates,0.40,false,true,residual,0.45,,Published aggregate for all other named or unnamed choices
11,forum-ward11-2026-08-12-layton,Forum Research,2026-08-12,2026-08-13,449,IVR,decided voters,different_candidate_field,layton,Mike Layton,0.44,false,false,registered,0.143,https://www.forumresearch.com/news/2026/08/dianne-saxe-leads-university-rosedale-municipal-election-poll,Operative scenario: field matches the registered ballot after Layton entered; decided/leaning base 385 of 449; undecided ~14.3% derived from base; Forum named 5 of 11 registered candidates
11,forum-ward11-2026-08-12-layton,Forum Research,2026-08-12,2026-08-13,449,IVR,decided voters,different_candidate_field,saxe,Dianne Saxe,0.17,true,false,registered,0.143,https://www.forumresearch.com/news/2026/08/dianne-saxe-leads-university-rosedale-municipal-election-poll,
11,forum-ward11-2026-08-12-layton,Forum Research,2026-08-12,2026-08-13,449,IVR,decided voters,different_candidate_field,blanc,Gabe Blanc,0.06,false,false,registered,0.143,https://www.forumresearch.com/news/2026/08/dianne-saxe-leads-university-rosedale-municipal-election-poll,
11,forum-ward11-2026-08-12-layton,Forum Research,2026-08-12,2026-08-13,449,IVR,decided voters,different_candidate_field,yoon,Diana Yoon,0.05,false,false,registered,0.143,https://www.forumresearch.com/news/2026/08/dianne-saxe-leads-university-rosedale-municipal-election-poll,
11,forum-ward11-2026-08-12-layton,Forum Research,2026-08-12,2026-08-13,449,IVR,decided voters,different_candidate_field,fisher,Dana Fisher,0.02,false,false,registered,0.143,https://www.forumresearch.com/news/2026/08/dianne-saxe-leads-university-rosedale-municipal-election-poll,
11,forum-ward11-2026-08-12-layton,Forum Research,2026-08-12,2026-08-13,449,IVR,decided voters,different_candidate_field,residual,Other candidates,0.26,false,true,residual,0.143,https://www.forumresearch.com/news/2026/08/dianne-saxe-leads-university-rosedale-municipal-election-poll,
11,forum-ward11-2026-08-12-current,Forum Research,2026-08-12,2026-08-13,449,IVR,decided voters,different_candidate_field,saxe,Dianne Saxe,0.41,true,false,registered,0.305,https://www.forumresearch.com/news/2026/08/dianne-saxe-leads-university-rosedale-municipal-election-poll,"Superseded scenario: excluded Mike Layton, who has since registered (the -layton reading is operative); decided/leaning base 312 of 449; undecided ~30.5% derived from base"
11,forum-ward11-2026-08-12-current,Forum Research,2026-08-12,2026-08-13,449,IVR,decided voters,different_candidate_field,yoon,Diana Yoon,0.09,false,false,registered,0.305,https://www.forumresearch.com/news/2026/08/dianne-saxe-leads-university-rosedale-municipal-election-poll,
11,forum-ward11-2026-08-12-current,Forum Research,2026-08-12,2026-08-13,449,IVR,decided voters,different_candidate_field,fisher,Dana Fisher,0.08,false,false,registered,0.305,https://www.forumresearch.com/news/2026/08/dianne-saxe-leads-university-rosedale-municipal-election-poll,
11,forum-ward11-2026-08-12-current,Forum Research,2026-08-12,2026-08-13,449,IVR,decided voters,different_candidate_field,blanc,Gabe Blanc,0.05,false,false,registered,0.305,https://www.forumresearch.com/news/2026/08/dianne-saxe-leads-university-rosedale-municipal-election-poll,
11,forum-ward11-2026-08-12-current,Forum Research,2026-08-12,2026-08-13,449,IVR,decided voters,different_candidate_field,residual,Other candidates,0.37,false,true,residual,0.305,https://www.forumresearch.com/news/2026/08/dianne-saxe-leads-university-rosedale-municipal-election-poll,
5,forum-ward05-2026-06-23,Forum Research,2026-06-23,2026-06-24,301,IVR,decided voters,different_candidate_field,nunziata,Frances Nunziata,0.42,true,false,registered,0.26,https://www.forumresearch.com/news/2026/06/frances-nunziata-leads-in-a-divided-york-south-weston-municipal-election-poll-and-brad-bradford-leads-for-the-mayoral-preference,Decided-voter topline (published shares sum to 99 due to rounding); undecided 26% published; Forum named 3 of the ward field
5,forum-ward05-2026-06-23,Forum Research,2026-06-23,2026-06-24,301,IVR,decided voters,different_candidate_field,digiorgio,David DiGiorgio,0.24,false,false,registered,0.26,https://www.forumresearch.com/news/2026/06/frances-nunziata-leads-in-a-divided-york-south-weston-municipal-election-poll-and-brad-bradford-leads-for-the-mayoral-preference,"On the ballot as 'Daniel Di Giorgio' (Forum published 'David DiGiorgio' — first-name/spacing discrepancy, treated as the same candidate)"
5,forum-ward05-2026-06-23,Forum Research,2026-06-23,2026-06-24,301,IVR,decided voters,different_candidate_field,padovani,Chiara Padovani,0.2,false,false,registered,0.26,https://www.forumresearch.com/news/2026/06/frances-nunziata-leads-in-a-divided-york-south-weston-municipal-election-poll-and-brad-bradford-leads-for-the-mayoral-preference,
5,forum-ward05-2026-06-23,Forum Research,2026-06-23,2026-06-24,301,IVR,decided voters,different_candidate_field,residual,Other candidates,0.14,false,true,residual,0.26,https://www.forumresearch.com/news/2026/06/frances-nunziata-leads-in-a-divided-york-south-weston-municipal-election-poll-and-brad-bradford-leads-for-the-mayoral-preference,Residual reconciled to 14% so decided shares total 100 (Forum published Other 13%; named 42/24/20 sum to 86)
19,forum-ward19-2026-06-23,Forum Research,2026-06-23,2026-06-24,367,IVR,decided voters,different_candidate_field,erskine-smith,Nate Erskine-Smith,0.69,false,false,registered,0.27,https://www.forumresearch.com/news/2026/06/nate-erskine-smith-well-ahead-in-beacheseast-york-municipal-election-poll-and-olivia-chow-leads-for-the-mayoral-preference,Open seat (Bradford leaving for mayoral race); decided-voter topline; undecided 27% published; residual reconciled from Forum's Other 5% to 6% so shares total 100
19,forum-ward19-2026-06-23,Forum Research,2026-06-23,2026-06-24,367,IVR,decided voters,different_candidate_field,johnson,Natalie Johnson,0.16,false,false,registered,0.27,https://www.forumresearch.com/news/2026/06/nate-erskine-smith-well-ahead-in-beacheseast-york-municipal-election-poll-and-olivia-chow-leads-for-the-mayoral-preference,
19,forum-ward19-2026-06-23,Forum Research,2026-06-23,2026-06-24,367,IVR,decided voters,different_candidate_field,dann,James Dann,0.09,false,false,registered,0.27,https://www.forumresearch.com/news/2026/06/nate-erskine-smith-well-ahead-in-beacheseast-york-municipal-election-poll-and-olivia-chow-leads-for-the-mayoral-preference,
19,forum-ward19-2026-06-23,Forum Research,2026-06-23,2026-06-24,367,IVR,decided voters,different_candidate_field,residual,Other candidates,0.06,false,true,residual,0.27,https://www.forumresearch.com/news/2026/06/nate-erskine-smith-well-ahead-in-beacheseast-york-municipal-election-poll-and-olivia-chow-leads-for-the-mayoral-preference,
19,forum-ward19-2026-08-12,Forum Research,2026-08-12,2026-08-13,386,IVR,decided voters,different_candidate_field,erskine-smith,Nate Erskine-Smith,0.53,false,false,registered,0.23,https://www.forumresearch.com/news/2026/08/nate-erskine-smith-holds-commanding-lead-in-beacheseast-york-municipal-election-poll,Open seat (Bradford leaving for mayoral race); decided/leaning topline; undecided 23% published; shares total 100
19,forum-ward19-2026-08-12,Forum Research,2026-08-12,2026-08-13,386,IVR,decided voters,different_candidate_field,johnson,Natalie Johnson,0.19,false,false,registered,0.23,https://www.forumresearch.com/news/2026/08/nate-erskine-smith-holds-commanding-lead-in-beacheseast-york-municipal-election-poll,
19,forum-ward19-2026-08-12,Forum Research,2026-08-12,2026-08-13,386,IVR,decided voters,different_candidate_field,dann,James Dann,0.07,false,false,registered,0.23,https://www.forumresearch.com/news/2026/08/nate-erskine-smith-holds-commanding-lead-in-beacheseast-york-municipal-election-poll,
19,forum-ward19-2026-08-12,Forum Research,2026-08-12,2026-08-13,386,IVR,decided voters,different_candidate_field,residual,Other candidates,0.21,false,true,residual,0.23,https://www.forumresearch.com/news/2026/08/nate-erskine-smith-holds-commanding-lead-in-beacheseast-york-municipal-election-poll,
20,forum-ward20-2026-06-23,Forum Research,2026-06-23,2026-06-24,311,IVR,decided voters,different_candidate_field,kandavel,Parthi Kandavel,0.37,true,false,registered,0.28,https://www.forumresearch.com/news/2026/06/parthi-kandavel-leads-in-a-divided-scarborough-southwest-municipal-election-poll-and-olivia-chow-leads-for-the-mayoral-preference,By-election incumbent; decided-voter topline; undecided 28% published; shares total 100
20,forum-ward20-2026-06-23,Forum Research,2026-06-23,2026-06-24,311,IVR,decided voters,different_candidate_field,debaeremaeker,Glenn De Baeremaeker,0.28,false,false,unregistered,0.28,https://www.forumresearch.com/news/2026/06/parthi-kandavel-leads-in-a-divided-scarborough-southwest-municipal-election-poll-and-olivia-chow-leads-for-the-mayoral-preference,
20,forum-ward20-2026-06-23,Forum Research,2026-06-23,2026-06-24,311,IVR,decided voters,different_candidate_field,rupasinghe,Kevin Rupasinghe,0.25,false,false,registered,0.28,https://www.forumresearch.com/news/2026/06/parthi-kandavel-leads-in-a-divided-scarborough-southwest-municipal-election-poll-and-olivia-chow-leads-for-the-mayoral-preference,
20,forum-ward20-2026-06-23,Forum Research,2026-06-23,2026-06-24,311,IVR,decided voters,different_candidate_field,residual,Other candidates,0.1,false,true,residual,0.28,https://www.forumresearch.com/news/2026/06/parthi-kandavel-leads-in-a-divided-scarborough-southwest-municipal-election-poll-and-olivia-chow-leads-for-the-mayoral-preference,
20,forum-ward20-2026-08-18-current,Forum Research,2026-08-18,2026-08-20,269,IVR,decided/leaning voters,different_candidate_field,kandavel,Parthi Kandavel,0.33,true,false,registered,,https://www.forumresearch.com/news/2026/08/parthi-kandavel-leads-scarborough-southwest-council-race-though-john-tory-jr-would-take-the-lead-if-he-entered,"One of three dependent readings from one sample; not a separate poll. Shares sum to 101% from published whole-point rounding. Field differs from the final ballot: Mills is absent and five final candidates appear only in Other. The release prose groups undecided and other candidates, while the decided/leaning table publishes only Other, so no separate undecided share is inferred. Age weighting includes 2 respondents age 18-24 weighted to 16, 7 age 25-34 weighted to 46, and 114 age 65+ weighted to 31; no design effect or effective base is published."
20,forum-ward20-2026-08-18-current,Forum Research,2026-08-18,2026-08-20,269,IVR,decided/leaning voters,different_candidate_field,mills,Philip Mills,0.09,false,false,unregistered,,https://www.forumresearch.com/news/2026/08/parthi-kandavel-leads-scarborough-southwest-council-race-though-john-tory-jr-would-take-the-lead-if-he-entered,
20,forum-ward20-2026-08-18-current,Forum Research,2026-08-18,2026-08-20,269,IVR,decided/leaning voters,different_candidate_field,rupasinghe,Kevin Rupasinghe,0.27,false,false,registered,,https://www.forumresearch.com/news/2026/08/parthi-kandavel-leads-scarborough-southwest-council-race-though-john-tory-jr-would-take-the-lead-if-he-entered,
20,forum-ward20-2026-08-18-current,Forum Research,2026-08-18,2026-08-20,269,IVR,decided/leaning voters,different_candidate_field,ali-reza,Mohammad Ali Reza,0.07,false,false,registered,,https://www.forumresearch.com/news/2026/08/parthi-kandavel-leads-scarborough-southwest-council-race-though-john-tory-jr-would-take-the-lead-if-he-entered,
20,forum-ward20-2026-08-18-current,Forum Research,2026-08-18,2026-08-20,269,IVR,decided/leaning voters,different_candidate_field,residual,Other,0.25,false,true,residual,,https://www.forumresearch.com/news/2026/08/parthi-kandavel-leads-scarborough-southwest-council-race-though-john-tory-jr-would-take-the-lead-if-he-entered,
20,forum-ward20-2026-08-18-tory-jr,Forum Research,2026-08-18,2026-08-20,269,IVR,decided/leaning voters,different_candidate_field,kandavel,Parthi Kandavel,0.19,true,false,registered,,https://www.forumresearch.com/news/2026/08/parthi-kandavel-leads-scarborough-southwest-council-race-though-john-tory-jr-would-take-the-lead-if-he-entered,"Explicitly hypothetical ballot naming John Tory Jr., who is not on the final ballot. One of three dependent readings from one sample; not a separate poll. Shares sum to 99% from published whole-point rounding. The release prose groups undecided and other candidates, while the decided/leaning table publishes only Other, so no separate undecided share is inferred. Age weighting includes 2 respondents age 18-24 weighted to 16, 8 age 25-34 weighted to 47, and 138 age 65+ weighted to 38; no design effect or effective base is published."
20,forum-ward20-2026-08-18-tory-jr,Forum Research,2026-08-18,2026-08-20,269,IVR,decided/leaning voters,different_candidate_field,mills,Philip Mills,0.03,false,false,unregistered,,https://www.forumresearch.com/news/2026/08/parthi-kandavel-leads-scarborough-southwest-council-race-though-john-tory-jr-would-take-the-lead-if-he-entered,
20,forum-ward20-2026-08-18-tory-jr,Forum Research,2026-08-18,2026-08-20,269,IVR,decided/leaning voters,different_candidate_field,rupasinghe,Kevin Rupasinghe,0.24,false,false,registered,,https://www.forumresearch.com/news/2026/08/parthi-kandavel-leads-scarborough-southwest-council-race-though-john-tory-jr-would-take-the-lead-if-he-entered,
20,forum-ward20-2026-08-18-tory-jr,Forum Research,2026-08-18,2026-08-20,269,IVR,decided/leaning voters,different_candidate_field,ali-reza,Mohammad Ali Reza,0.02,false,false,registered,,https://www.forumresearch.com/news/2026/08/parthi-kandavel-leads-scarborough-southwest-council-race-though-john-tory-jr-would-take-the-lead-if-he-entered,
20,forum-ward20-2026-08-18-tory-jr,Forum Research,2026-08-18,2026-08-20,269,IVR,decided/leaning voters,different_candidate_field,tory-jr,John Tory Jr.,0.38,false,false,unregistered,,https://www.forumresearch.com/news/2026/08/parthi-kandavel-leads-scarborough-southwest-council-race-though-john-tory-jr-would-take-the-lead-if-he-entered,
20,forum-ward20-2026-08-18-tory-jr,Forum Research,2026-08-18,2026-08-20,269,IVR,decided/leaning voters,different_candidate_field,residual,Other,0.13,false,true,residual,,https://www.forumresearch.com/news/2026/08/parthi-kandavel-leads-scarborough-southwest-council-race-though-john-tory-jr-would-take-the-lead-if-he-entered,
20,forum-ward20-2026-08-18-crawford,Forum Research,2026-08-18,2026-08-20,269,IVR,decided/leaning voters,different_candidate_field,kandavel,Parthi Kandavel,0.32,true,false,registered,,https://www.forumresearch.com/news/2026/08/parthi-kandavel-leads-scarborough-southwest-council-race-though-john-tory-jr-would-take-the-lead-if-he-entered,"Explicitly hypothetical ballot naming Gary Crawford, who is not on the final ballot. One of three dependent readings from one sample; not a separate poll. Shares sum to 99% from published whole-point rounding. The release prose groups undecided and other candidates, while the decided/leaning table publishes only Other, so no separate undecided share is inferred. Age weighting includes 2 respondents age 18-24 weighted to 16, 7 age 25-34 weighted to 46, and 134 age 65+ weighted to 39; no design effect or effective base is published."
20,forum-ward20-2026-08-18-crawford,Forum Research,2026-08-18,2026-08-20,269,IVR,decided/leaning voters,different_candidate_field,mills,Philip Mills,0.07,false,false,unregistered,,https://www.forumresearch.com/news/2026/08/parthi-kandavel-leads-scarborough-southwest-council-race-though-john-tory-jr-would-take-the-lead-if-he-entered,
20,forum-ward20-2026-08-18-crawford,Forum Research,2026-08-18,2026-08-20,269,IVR,decided/leaning voters,different_candidate_field,rupasinghe,Kevin Rupasinghe,0.23,false,false,registered,,https://www.forumresearch.com/news/2026/08/parthi-kandavel-leads-scarborough-southwest-council-race-though-john-tory-jr-would-take-the-lead-if-he-entered,
20,forum-ward20-2026-08-18-crawford,Forum Research,2026-08-18,2026-08-20,269,IVR,decided/leaning voters,different_candidate_field,ali-reza,Mohammad Ali Reza,0.02,false,false,registered,,https://www.forumresearch.com/news/2026/08/parthi-kandavel-leads-scarborough-southwest-council-race-though-john-tory-jr-would-take-the-lead-if-he-entered,
20,forum-ward20-2026-08-18-crawford,Forum Research,2026-08-18,2026-08-20,269,IVR,decided/leaning voters,different_candidate_field,crawford,Gary Crawford,0.18,false,false,unregistered,,https://www.forumresearch.com/news/2026/08/parthi-kandavel-leads-scarborough-southwest-council-race-though-john-tory-jr-would-take-the-lead-if-he-entered,
20,forum-ward20-2026-08-18-crawford,Forum Research,2026-08-18,2026-08-20,269,IVR,decided/leaning voters,different_candidate_field,residual,Other,0.17,false,true,residual,,https://www.forumresearch.com/news/2026/08/parthi-kandavel-leads-scarborough-southwest-council-race-though-john-tory-jr-would-take-the-lead-if-he-entered,
3,forum-ward3-2026-09-27,Forum Research,2026-09-27,2026-10-02,535,IVR + online panel,decided and leaning voters,final_ballot_candidates,amber-morley,Amber Morley,0.4,true,false,registered,,https://www.forumresearch.com/news/2026/10/amber-morley-leads-etobicokelakeshore-city-councillor-race,"Published decided/leaning council topline; unweighted base 406, weighted base 416; recruited sample 535. All named candidates verified on the pinned Final Ballot; remaining choices aggregated as Other. PDF dated September 29; verified publication October 2. No undecided percentage published. Shares sum to 100% due to rounding; preserved as published."
3,forum-ward3-2026-09-27,Forum Research,2026-09-27,2026-10-02,535,IVR + online panel,decided and leaning voters,final_ballot_candidates,ted-opitz,Ted Opitz,0.27,false,false,registered,,https://www.forumresearch.com/news/2026/10/amber-morley-leads-etobicokelakeshore-city-councillor-race,"Published decided/leaning council topline; unweighted base 406, weighted base 416; recruited sample 535. All named candidates verified on the pinned Final Ballot; remaining choices aggregated as Other. PDF dated September 29; verified publication October 2. No undecided percentage published. Shares sum to 100% due to rounding; preserved as published."
3,forum-ward3-2026-09-27,Forum Research,2026-09-27,2026-10-02,535,IVR + online panel,decided and leaning voters,final_ballot_candidates,mihaela-andrei,Mihaela Andrei,0.07,false,false,registered,,https://www.forumresearch.com/news/2026/10/amber-morley-leads-etobicokelakeshore-city-councillor-race,"Published decided/leaning council topline; unweighted base 406, weighted base 416; recruited sample 535. All named candidates verified on the pinned Final Ballot; remaining choices aggregated as Other. PDF dated September 29; verified publication October 2. No undecided percentage published. Shares sum to 100% due to rounding; preserved as published."
3,forum-ward3-2026-09-27,Forum Research,2026-09-27,2026-10-02,535,IVR + online panel,decided and leaning voters,final_ballot_candidates,anthony-internicola,Anthony Internicola,0.14,false,false,registered,,https://www.forumresearch.com/news/2026/10/amber-morley-leads-etobicokelakeshore-city-councillor-race,"Published decided/leaning council topline; unweighted base 406, weighted base 416; recruited sample 535. All named candidates verified on the pinned Final Ballot; remaining choices aggregated as Other. PDF dated September 29; verified publication October 2. No undecided percentage published. Shares sum to 100% due to rounding; preserved as published."
3,forum-ward3-2026-09-27,Forum Research,2026-09-27,2026-10-02,535,IVR + online panel,decided and leaning voters,final_ballot_candidates,residual,Other candidates,0.12,false,true,residual,,https://www.forumresearch.com/news/2026/10/amber-morley-leads-etobicokelakeshore-city-councillor-race,"Published decided/leaning council topline; unweighted base 406, weighted base 416; recruited sample 535. All named candidates verified on the pinned Final Ballot; remaining choices aggregated as Other. PDF dated September 29; verified publication October 2. No undecided percentage published. Shares sum to 100% due to rounding; preserved as published."
4,forum-ward4-2026-09-27,Forum Research,2026-09-27,2026-10-02,464,IVR + online panel,decided and leaning voters,final_ballot_candidates,nadia-guerrera,Nadia Guerrera,0.23,false,false,registered,,https://www.forumresearch.com/news/2026/10/debbie-king-leads-parkdalehigh-park-city-councillor-race,"Published decided/leaning council topline; unweighted base 307, weighted base 331; recruited sample 464. All named candidates verified on the pinned Final Ballot; remaining choices aggregated as Other. PDF dated September 29; verified publication October 2. No undecided percentage published. Shares sum to 100% due to rounding; preserved as published."
4,forum-ward4-2026-09-27,Forum Research,2026-09-27,2026-10-02,464,IVR + online panel,decided and leaning voters,final_ballot_candidates,debbie-king,Debbie King,0.37,false,false,registered,,https://www.forumresearch.com/news/2026/10/debbie-king-leads-parkdalehigh-park-city-councillor-race,"Published decided/leaning council topline; unweighted base 307, weighted base 331; recruited sample 464. All named candidates verified on the pinned Final Ballot; remaining choices aggregated as Other. PDF dated September 29; verified publication October 2. No undecided percentage published. Shares sum to 100% due to rounding; preserved as published."
4,forum-ward4-2026-09-27,Forum Research,2026-09-27,2026-10-02,464,IVR + online panel,decided and leaning voters,final_ballot_candidates,diana-chan-mcnally,Diana Chan McNally,0.18,false,false,registered,,https://www.forumresearch.com/news/2026/10/debbie-king-leads-parkdalehigh-park-city-councillor-race,"Published decided/leaning council topline; unweighted base 307, weighted base 331; recruited sample 464. All named candidates verified on the pinned Final Ballot; remaining choices aggregated as Other. PDF dated September 29; verified publication October 2. No undecided percentage published. Shares sum to 100% due to rounding; preserved as published."
4,forum-ward4-2026-09-27,Forum Research,2026-09-27,2026-10-02,464,IVR + online panel,decided and leaning voters,final_ballot_candidates,vanessa-raponi,Vanessa Raponi,0.06,false,false,registered,,https://www.forumresearch.com/news/2026/10/debbie-king-leads-parkdalehigh-park-city-councillor-race,"Published decided/leaning council topline; unweighted base 307, weighted base 331; recruited sample 464. All named candidates verified on the pinned Final Ballot; remaining choices aggregated as Other. PDF dated September 29; verified publication October 2. No undecided percentage published. Shares sum to 100% due to rounding; preserved as published."
4,forum-ward4-2026-09-27,Forum Research,2026-09-27,2026-10-02,464,IVR + online panel,decided and leaning voters,final_ballot_candidates,residual,Other candidates,0.16,false,true,residual,,https://www.forumresearch.com/news/2026/10/debbie-king-leads-parkdalehigh-park-city-councillor-race,"Published decided/leaning council topline; unweighted base 307, weighted base 331; recruited sample 464. All named candidates verified on the pinned Final Ballot; remaining choices aggregated as Other. PDF dated September 29; verified publication October 2. No undecided percentage published. Shares sum to 100% due to rounding; preserved as published."
13,forum-ward13-2026-09-27,Forum Research,2026-09-27,2026-10-02,519,IVR + online panel,decided and leaning voters,final_ballot_candidates,chris-moise,Chris Moise,0.29,true,false,registered,,https://www.forumresearch.com/news/2026/10/chris-moise-holds-narrow-lead-over-daniel-tate-in-toronto-centre,"Published decided/leaning council topline; unweighted base 362, weighted base 370; recruited sample 519. All named candidates verified on the pinned Final Ballot; remaining choices aggregated as Other. PDF dated September 29; verified publication October 2. No undecided percentage published. Shares sum to 101% due to rounding; preserved as published."
13,forum-ward13-2026-09-27,Forum Research,2026-09-27,2026-10-02,519,IVR + online panel,decided and leaning voters,final_ballot_candidates,curran-stikuts,Curran Stikuts,0.13,false,false,registered,,https://www.forumresearch.com/news/2026/10/chris-moise-holds-narrow-lead-over-daniel-tate-in-toronto-centre,"Published decided/leaning council topline; unweighted base 362, weighted base 370; recruited sample 519. All named candidates verified on the pinned Final Ballot; remaining choices aggregated as Other. PDF dated September 29; verified publication October 2. No undecided percentage published. Shares sum to 101% due to rounding; preserved as published."
13,forum-ward13-2026-09-27,Forum Research,2026-09-27,2026-10-02,519,IVR + online panel,decided and leaning voters,final_ballot_candidates,daniel-tate,Daniel Tate,0.26,false,false,registered,,https://www.forumresearch.com/news/2026/10/chris-moise-holds-narrow-lead-over-daniel-tate-in-toronto-centre,"Published decided/leaning council topline; unweighted base 362, weighted base 370; recruited sample 519. All named candidates verified on the pinned Final Ballot; remaining choices aggregated as Other. PDF dated September 29; verified publication October 2. No undecided percentage published. Shares sum to 101% due to rounding; preserved as published."
13,forum-ward13-2026-09-27,Forum Research,2026-09-27,2026-10-02,519,IVR + online panel,decided and leaning voters,final_ballot_candidates,walied-khogali-ali,Walied Khogali Ali,0.08,false,false,registered,,https://www.forumresearch.com/news/2026/10/chris-moise-holds-narrow-lead-over-daniel-tate-in-toronto-centre,"Published decided/leaning council topline; unweighted base 362, weighted base 370; recruited sample 519. All named candidates verified on the pinned Final Ballot; remaining choices aggregated as Other. PDF dated September 29; verified publication October 2. No undecided percentage published. Shares sum to 101% due to rounding; preserved as published."
13,forum-ward13-2026-09-27,Forum Research,2026-09-27,2026-10-02,519,IVR + online panel,decided and leaning voters,final_ballot_candidates,residual,Other candidates,0.25,false,true,residual,,https://www.forumresearch.com/news/2026/10/chris-moise-holds-narrow-lead-over-daniel-tate-in-toronto-centre,"Published decided/leaning council topline; unweighted base 362, weighted base 370; recruited sample 519. All named candidates verified on the pinned Final Ballot; remaining choices aggregated as Other. PDF dated September 29; verified publication October 2. No undecided percentage published. Shares sum to 101% due to rounding; preserved as published."
19,forum-ward19-2026-09-27,Forum Research,2026-09-27,2026-10-02,474,IVR + online panel,decided and leaning voters,final_ballot_candidates,james-dann,James Dann,0.06,false,false,registered,,https://www.forumresearch.com/news/2026/10/nate-erskine-smith-leads-beacheseast-york-city-councillor-race,"Published decided/leaning council topline; unweighted base 417, weighted base 395; recruited sample 474. All named candidates verified on the pinned Final Ballot; remaining choices aggregated as Other. PDF dated September 29; verified publication October 2. No undecided percentage published. Shares sum to 100% due to rounding; preserved as published."
19,forum-ward19-2026-09-27,Forum Research,2026-09-27,2026-10-02,474,IVR + online panel,decided and leaning voters,final_ballot_candidates,nate-erskine-smith,Nate Erskine-Smith,0.52,false,false,registered,,https://www.forumresearch.com/news/2026/10/nate-erskine-smith-leads-beacheseast-york-city-councillor-race,"Published decided/leaning council topline; unweighted base 417, weighted base 395; recruited sample 474. All named candidates verified on the pinned Final Ballot; remaining choices aggregated as Other. PDF dated September 29; verified publication October 2. No undecided percentage published. Shares sum to 100% due to rounding; preserved as published."
19,forum-ward19-2026-09-27,Forum Research,2026-09-27,2026-10-02,474,IVR + online panel,decided and leaning voters,final_ballot_candidates,natalie-johnson,Natalie Johnson,0.24,false,false,registered,,https://www.forumresearch.com/news/2026/10/nate-erskine-smith-leads-beacheseast-york-city-councillor-race,"Published decided/leaning council topline; unweighted base 417, weighted base 395; recruited sample 474. All named candidates verified on the pinned Final Ballot; remaining choices aggregated as Other. PDF dated September 29; verified publication October 2. No undecided percentage published. Shares sum to 100% due to rounding; preserved as published."
19,forum-ward19-2026-09-27,Forum Research,2026-09-27,2026-10-02,474,IVR + online panel,decided and leaning voters,final_ballot_candidates,jennie-worden,Jennie Worden,0.06,false,false,registered,,https://www.forumresearch.com/news/2026/10/nate-erskine-smith-leads-beacheseast-york-city-councillor-race,"Published decided/leaning council topline; unweighted base 417, weighted base 395; recruited sample 474. All named candidates verified on the pinned Final Ballot; remaining choices aggregated as Other. PDF dated September 29; verified publication October 2. No undecided percentage published. Shares sum to 100% due to rounding; preserved as published."
19,forum-ward19-2026-09-27,Forum Research,2026-09-27,2026-10-02,474,IVR + online panel,decided and leaning voters,final_ballot_candidates,residual,Other candidates,0.12,false,true,residual,,https://www.forumresearch.com/news/2026/10/nate-erskine-smith-leads-beacheseast-york-city-councillor-race,"Published decided/leaning council topline; unweighted base 417, weighted base 395; recruited sample 474. All named candidates verified on the pinned Final Ballot; remaining choices aggregated as Other. PDF dated September 29; verified publication October 2. No undecided percentage published. Shares sum to 100% due to rounding; preserved as published."
23,forum-ward23-2026-09-27,Forum Research,2026-09-27,2026-10-02,368,IVR + online panel,decided and leaning voters,final_ballot_candidates,han-dong,Han Dong,0.12,false,false,registered,,https://www.forumresearch.com/news/2026/10/shaun-chen-holds-narrow-lead-over-jamaal-myers-in-scarborough-north,"Published decided/leaning council topline; unweighted base 298, weighted base 293; recruited sample 368. All named candidates verified on the pinned Final Ballot; remaining choices aggregated as Other. PDF dated September 29; verified publication October 2. No undecided percentage published. Shares sum to 101% due to rounding; preserved as published."
23,forum-ward23-2026-09-27,Forum Research,2026-09-27,2026-10-02,368,IVR + online panel,decided and leaning voters,final_ballot_candidates,kevin-li,Kevin Li,0.08,false,false,registered,,https://www.forumresearch.com/news/2026/10/shaun-chen-holds-narrow-lead-over-jamaal-myers-in-scarborough-north,"Published decided/leaning council topline; unweighted base 298, weighted base 293; recruited sample 368. All named candidates verified on the pinned Final Ballot; remaining choices aggregated as Other. PDF dated September 29; verified publication October 2. No undecided percentage published. Shares sum to 101% due to rounding; preserved as published."
23,forum-ward23-2026-09-27,Forum Research,2026-09-27,2026-10-02,368,IVR + online panel,decided and leaning voters,final_ballot_candidates,jamaal-myers,Jamaal Myers,0.31,true,false,registered,,https://www.forumresearch.com/news/2026/10/shaun-chen-holds-narrow-lead-over-jamaal-myers-in-scarborough-north,"Published decided/leaning council topline; unweighted base 298, weighted base 293; recruited sample 368. All named candidates verified on the pinned Final Ballot; remaining choices aggregated as Other. PDF dated September 29; verified publication October 2. No undecided percentage published. Shares sum to 101% due to rounding; preserved as published."
23,forum-ward23-2026-09-27,Forum Research,2026-09-27,2026-10-02,368,IVR + online panel,decided and leaning voters,final_ballot_candidates,shaun-chen,Shaun Chen,0.37,false,false,registered,,https://www.forumresearch.com/news/2026/10/shaun-chen-holds-narrow-lead-over-jamaal-myers-in-scarborough-north,"Published decided/leaning council topline; unweighted base 298, weighted base 293; recruited sample 368. All named candidates verified on the pinned Final Ballot; remaining choices aggregated as Other. PDF dated September 29; verified publication October 2. No undecided percentage published. Shares sum to 101% due to rounding; preserved as published."
23,forum-ward23-2026-09-27,Forum Research,2026-09-27,2026-10-02,368,IVR + online panel,decided and leaning voters,final_ballot_candidates,john-mark-oleh,John-Mark Oleh,0.06,false,false,registered,,https://www.forumresearch.com/news/2026/10/shaun-chen-holds-narrow-lead-over-jamaal-myers-in-scarborough-north,"Published decided/leaning council topline; unweighted base 298, weighted base 293; recruited sample 368. All named candidates verified on the pinned Final Ballot; remaining choices aggregated as Other. PDF dated September 29; verified publication October 2. No undecided percentage published. Shares sum to 101% due to rounding; preserved as published."
23,forum-ward23-2026-09-27,Forum Research,2026-09-27,2026-10-02,368,IVR + online panel,decided and leaning voters,final_ballot_candidates,residual,Other candidates,0.07,false,true,residual,,https://www.forumresearch.com/news/2026/10/shaun-chen-holds-narrow-lead-over-jamaal-myers-in-scarborough-north,"Published decided/leaning council topline; unweighted base 298, weighted base 293; recruited sample 368. All named candidates verified on the pinned Final Ballot; remaining choices aggregated as Other. PDF dated September 29; verified publication October 2. No undecided percentage published. Shares sum to 101% due to rounding; preserved as published."
