poll_sample_id,source_document_id,sample_locator,notes
ipsos_city_2013_11_08_12_n665,ipsos_2013-11-12_tables,physical pages 1-15,One table attachment contains four dependent ballot scenarios from one respondent sample; the publisher_url release establishes sample metadata.
ipsos_city_2014_09_12_16_n596,ipsos_2014-09-16_tables,physical pages 1-2,The ballot table is on physical page 1; the publisher_url release establishes sample metadata and says undecided voters were screened out.
ipsos_city_2014_09_23_26_n1252,ipsos_2014-09-26_table_excerpt,physical page 1; printed page 4 of 58,The public artifact is a one-page ballot-table excerpt rather than a complete table book; the publisher_url release establishes sample metadata.
ipsos_city_2014_10_21_23_n1201,ipsos_2014-10-23_table_excerpt,physical pages 1-4; printed pages 1; 4; 6; and 7 of 27,The public artifact omits the B and C ballot-question pages but retains their decided-leaner result table; the publisher_url release establishes sample metadata.
nanos_city_2014_07_02_05_n600,nanos_2014-07-05_full,entire document,One respondent sample supports raw first-choice; initially-unsure leaner; source-derived vote-profile; and decided Ballot readings.
maple_leaf_city_2014_07_28_30_n800,maple_leaf_2014-07-30_release,entire document,One respondent sample supports dependent All Voters and Decided toplines.
nanos_city_2014_09_16_20_n1000,nanos_2014-09_full,physical pages 2-5 and 16-19,The selected September sample appears beside August comparison data from a separate recruited sample; only September is linked to the extracted readings.
nanos_city_2014_09_16_20_n1000,nanos_reports_archive_2021-07-30,2014-09-23 reports-index row,The archived first-party index supplies publication timing for the selected September sample.
viewpoints_city_2023_04_29_05_02_n400,viewpoints_2023-05-02_full,page 1,The PDF supplies the selected May 2 raw-vote and decided-vote columns.
viewpoints_city_2023_04_29_05_02_n400,viewpoints_2023-05-02_article,entire article,The first-party article supplies publication timing and sample-method metadata.
viewpoints_city_2023_06_15_19_n1007,viewpoints_2023-06-15_19_full,"pages 1-2, June 19 columns",The PDF also prints June 2 and May 2 comparison columns from separate recruited samples; only June 19 is linked to these readings.
dart_city_2018_10_12_15_n669,dart_2018_10_12_15_factum,pages 1 and 4,Page 1 supplies the respondent sample methodology and head-to-head outcome prose; page 4 identifies the first-party poll and points to unavailable detailed tables.
probit_city_2018_08_20_09_05_n1635,probit_2018_08_20_09_05_all_chart,entire image,All-response chart and decided chart are dependent products from one fieldwork period and one parent sample.
probit_city_2018_08_20_09_05_n1635,probit_2018_08_20_09_05_decided_chart,entire image,The 1152 generic chart base is a restricted reading base rather than a second recruited sample.
viewpoints_city_2023_06_01_02_n1004,viewpoints_2023_06_01_02_marginals,June 2 column,The PDF also reproduces the separately recruited May 2 comparison wave; it is not extracted as part of this sample.
viewpoints_city_2023_06_01_02_n1004,viewpoints_2023_06_08_article,release prose,Article supplies sample metadata and publication timing absent from the one-page marginals artifact.
ipsos_city_2023_06_09_13_n1001,ipsos_2023_06_09_13_tables,printed pages 5-8,Four dependent vote products are retained from one recruited sample: raw first choice conditional leaner total and re-percentaged valid response.
ipsos_city_2023_06_09_13_n1001,ipsos_2023_06_09_13_factum,pages 2 and 6,Factum supplies publication sponsor fieldwork population mode and sample metadata and corroborates the rounded re-percentaged topline.
forum_city_2022_10_07_08_n1017,forum_2022_oct11_release,entire document,First-party release for this respondent sample.
forum_city_2023_02_13_n1042,forum_2023_feb14_release,entire document,First-party release for this respondent sample.
forum_city_2023_03_22_23_n1009,forum_2023_mar24_release,entire document,First-party release for this respondent sample.
forum_city_2023_04_25_26_n1022,forum_2023_apr27_release,entire document,Current-field release from this respondent sample.
forum_city_2023_04_25_26_n1022,forum_2023_apr27_tory_companion,entire document,Dependent hypothetical-Tory release from the same respondent sample.
forum_city_2023_05_06_07_n2000,forum_2023_may08_release,entire document,Current-field release from this respondent sample.
forum_city_2023_05_06_07_n2000,forum_2023_may08_tory_companion,entire document,Dependent hypothetical-Tory release from the same respondent sample.
forum_city_2023_05_13_n1029,forum_2023_may15_release,entire document,First-party release for this respondent sample.
forum_city_2023_05_19_n1000,forum_2023_may21_release,entire document,First-party release for this respondent sample.
forum_city_2023_05_26_n1007,forum_2023_may28_release,entire document,First-party release for this respondent sample.
forum_city_2023_06_02_n1032,forum_2023_jun04_release,entire document,First-party release for this respondent sample.
forum_city_2023_06_09_n1047,forum_2023_jun11_release,entire document,First-party release for this respondent sample.
forum_city_2023_06_23_n1037,forum_2023_jun24_release,entire document,First-party release for this respondent sample.
liaison_city_2023_04_21_22_n1264,liaison_2023_04_21_22_release,release prose and both topline blocks,One respondent sample supports dependent all-voter and decided-voter release toplines.
liaison_city_2023_04_28_29_n1253,liaison_2023_04_28_29_release,release prose and both topline blocks,One respondent sample supports dependent all-voter and decided-voter release toplines.
liaison_city_2023_05_05_06_n1257,liaison_2023_05_05_06_release,release prose and both topline blocks,One respondent sample supports dependent all-voter and decided-voter release toplines.
liaison_city_2023_05_12_13_n1318,liaison_2023_05_12_13_release,release prose and both topline blocks,One respondent sample supports dependent all-voter and decided-voter release toplines.
liaison_city_2023_05_17_18_n1311,liaison_2023_05_17_18_release,release prose and both topline blocks,One respondent sample supports dependent all-voter and decided-voter release toplines.
liaison_city_2023_05_26_27_n1305,liaison_2023_05_26_27_release,release prose and both topline blocks,One respondent sample supports dependent all-voter and decided-voter release toplines.
liaison_city_2023_06_03_04_n1287,liaison_2023_06_03_04_release,release prose and both topline blocks,One respondent sample supports dependent all-voter and decided-voter release toplines.
liaison_city_2023_06_10_11_n1197,liaison_2023_06_10_11_release,release prose and both topline blocks,One respondent sample supports dependent all-voter and decided-voter release toplines.
liaison_city_2023_06_12_13_n1156,liaison_2023_06_12_13_release,release prose and both topline blocks,One respondent sample supports dependent all-voter and decided-voter release toplines.
liaison_city_2023_06_17_18_n1152,liaison_2023_06_17_18_release,release prose and both topline blocks,One respondent sample supports dependent all-voter and decided-voter release toplines.
liaison_city_2023_06_22_23_n1086,liaison_2023_06_22_23_release,release prose and both topline blocks,One respondent sample supports dependent all-voter and decided-voter release toplines.
liaison_city_2023_04_21_22_n1264,liaison_2023_04_21_22_tables,"pages 1-3 title, methodology and sponsor; pages 4-7 voting-intent charts and tables",Preferred detailed source for one respondent sample and its dependent all-voter and decided-voter readings. Public viewer HTML is asset-dependent; the signup-gated PDF was not acquired.
liaison_city_2023_04_28_29_n1253,liaison_2023_04_28_29_tables,"pages 1-3 title, methodology and sponsor; pages 4-7 voting-intent charts and tables",Preferred detailed source for one respondent sample and its dependent all-voter and decided-voter readings. Public viewer HTML is asset-dependent; the signup-gated PDF was not acquired.
liaison_city_2023_05_05_06_n1257,liaison_2023_05_05_06_tables,pages 1-2 title and methodology; pages 3-6 voting-intent charts and tables,Preferred detailed source for one respondent sample and its dependent all-voter and decided-voter readings. Public viewer HTML is asset-dependent; the signup-gated PDF was not acquired.
liaison_city_2023_05_12_13_n1318,liaison_2023_05_12_13_tables,pages 1-2 title and methodology; pages 3-6 voting-intent charts and tables,Preferred detailed source for one respondent sample and its dependent all-voter and decided-voter readings. Public viewer HTML is asset-dependent; the signup-gated PDF was not acquired.
liaison_city_2023_05_17_18_n1311,liaison_2023_05_17_18_tables,pages 1-2 title and methodology; pages 3-6 voting-intent charts and tables,Preferred detailed source for one respondent sample and its dependent all-voter and decided-voter readings. Public viewer HTML is asset-dependent; the signup-gated PDF was not acquired.
liaison_city_2023_05_26_27_n1305,liaison_2023_05_26_27_tables,pages 1-2 title and methodology; pages 3-6 voting-intent charts and tables,Preferred detailed source for one respondent sample and its dependent all-voter and decided-voter readings. Public viewer HTML is asset-dependent; the signup-gated PDF was not acquired.
liaison_city_2023_06_03_04_n1287,liaison_2023_06_03_04_tables,pages 1-2 title and methodology; pages 3-6 voting-intent charts and tables,Preferred detailed source for one respondent sample and its dependent all-voter and decided-voter readings. Public viewer HTML is asset-dependent; the signup-gated PDF was not acquired.
liaison_city_2023_06_10_11_n1197,liaison_2023_06_10_11_tables,pages 1-2 title and methodology; pages 3-6 voting-intent charts and tables,Preferred detailed source for one respondent sample and its dependent all-voter and decided-voter readings. Public viewer HTML is asset-dependent; the signup-gated PDF was not acquired.
liaison_city_2023_06_12_13_n1156,liaison_2023_06_12_13_tables,pages 1-2 title and methodology; pages 3-6 voting-intent charts and tables,Preferred detailed source for one respondent sample and its dependent all-voter and decided-voter readings. Public viewer HTML is asset-dependent; the signup-gated PDF was not acquired.
liaison_city_2023_06_17_18_n1152,liaison_2023_06_17_18_tables,pages 1-2 title and methodology; pages 3-6 voting-intent charts and tables,Preferred detailed source for one respondent sample and its dependent all-voter and decided-voter readings. Public viewer HTML is asset-dependent; the signup-gated PDF was not acquired.
liaison_city_2023_06_22_23_n1086,liaison_2023_06_22_23_tables,pages 1-2 title and methodology; pages 3-6 voting-intent charts and tables,Preferred detailed source for one respondent sample and its dependent all-voter and decided-voter readings. Public viewer HTML is asset-dependent; the signup-gated PDF was not acquired.
mainstreet_city_2023_02_13_14_n1947,mainstreet_2023-02-14_report,entire document,
mainstreet_city_2023_02_19_n1701,mainstreet_2023-02-19_report,entire document,
mainstreet_city_2023_03_17_19_n985,mainstreet_2023-03-19_report,entire document,
mainstreet_city_2023_04_12_13_n785,mainstreet_2023-04-13_report,entire document,Detailed edition of the same respondent sample.
mainstreet_city_2023_04_12_13_n785,mainstreet_2023-04-13_public,entire document,Public edition of the same respondent sample; linked for provenance but not duplicated as new readings.
mainstreet_city_2023_04_17_19_n1082,mainstreet_2023-04-20_report,entire document,Detailed edition of the same respondent sample.
mainstreet_city_2023_04_17_19_n1082,mainstreet_2023-04-20_public,entire document,Public edition of the same respondent sample; linked for provenance but not duplicated as new readings.
mainstreet_city_2023_04_25_26_n996,mainstreet_2023-04-26_report,entire document,Detailed edition of the same respondent sample.
mainstreet_city_2023_04_25_26_n996,mainstreet_2023-04-26_public,entire document,Public edition of the same respondent sample; linked for provenance but not duplicated as new readings.
forum_city_2014_04_14_n882,forum_2014_apr15_release,entire document,First-party release for this respondent sample.
forum_city_2014_05_01_n888,forum_2014_may02_release,entire document,First-party release for this respondent sample.
forum_city_2014_05_21_n923,forum_2014_may21_release,entire document,First-party release for this respondent sample.
forum_city_2014_06_23_n890,forum_2014_jun24_release,entire document,First-party release for this respondent sample.
forum_city_2014_07_02_n1182,forum_2014_jul02_release,entire document,First-party release for this respondent sample.
forum_city_2014_07_21_n1063,forum_2014_jul21_release,entire document,First-party release for this respondent sample.
forum_city_2014_08_05_06_n1268,forum_2014_aug06_release,entire document,First-party release for this respondent sample.
forum_city_2014_08_25_26_n1945,forum_2014_aug26_release,entire document,First-party release for this respondent sample.
forum_city_2014_09_08_n1069,forum_2014_sep08_release,entire document,First-party release for this respondent sample.
forum_city_2014_09_12_n1228,forum_2014_sep12_release,entire document,First-party release for this respondent sample.
forum_city_2014_09_22_n1164,forum_2014_sep22_release,entire document,First-party release for this respondent sample.
forum_city_2014_09_29_n1202,forum_2014_sep29_release,entire document,First-party release for this respondent sample.
forum_city_2014_10_06_n1218,forum_2014_oct06_release,entire document,First-party release for this respondent sample.
forum_city_2014_10_15_n1241,forum_2014_oct15_release,entire document,First-party release for this respondent sample.
forum_city_2014_10_20_n852,forum_2014_oct20_release,entire document,First-party release for this respondent sample.
forum_city_2014_10_25_n986,forum_2014_oct26_release,entire document,First-party release for this respondent sample.
forum_city_2018_07_27_n1328,forum_2018_jul27_release,entire document,First-party release for this respondent sample.
forum_city_2018_08_27_n1242,forum_2018_aug28_release,entire document,First-party release for this respondent sample.
forum_city_2018_09_06_n811,forum_2018_sep07_release,entire document,First-party release for this respondent sample.
forum_city_2018_09_20_24_n944,forum_2018_sep25_release,entire document,First-party release for this respondent sample.
forum_city_2018_10_03_05_n987,forum_2018_oct09_horserace,entire document,First-party release for this respondent sample.
forum_city_2018_10_09_10_n1206,forum_2018_oct15_release,entire document,First-party release for this respondent sample.
forum_city_2014_09_22_n1164,forum_2014_sep29_release,"PDF p. 3, September 22 row of Mayoral Horserace - Trending",Later first-party trend table preserving the September 22 current-field values; its original release omits the full current-field table.
forum_city_2018_10_03_05_n987,forum_2018_oct09_social_housing,entire document,First-party companion release explicitly reporting the same n=987 October 3-5 respondent sample; it contains no ballot reading.
forum_city_2014_02_24_n1310,forum_2014_feb25_release,entire document,First-party release for this respondent sample.
forum_city_2013_08_29_n848,forum_2013_aug29_release,entire document,First-party release for this respondent sample.
forum_city_2014_01_22_n1063,forum_2014_jan22_release,entire document,First-party release for this respondent sample.
forum_city_2014_03_27_n634,forum_2014_mar27_release,entire document,First-party release for this respondent sample.
forum_city_2013_07_29_n1368,forum_2013_jul30_release,entire document,First-party release for this respondent sample.
forum_city_2013_11_04_n1393,forum_2013_nov04_release,entire document,First-party release for this respondent sample.
forum_city_2013_09_22_n1082,forum_2013_sep23_release,entire document,First-party release for this respondent sample.
forum_city_2013_10_31_n1032,forum_2013_oct31_release,entire document,First-party release for this respondent sample.
forum_city_2014_03_13_n1271,forum_2014_mar13_release,entire document,First-party release for this respondent sample.
forum_city_2013_10_29_n1093,forum_2013_oct30_release,2013-10-29 wave tables,First-party release; this document reports multiple fieldwork waves.
forum_city_2013_10_30_n1041,forum_2013_oct30_release,2013-10-30 wave tables,First-party release; this document reports multiple fieldwork waves.
forum_city_2013_11_06_n1157,forum_2013_nov06_release,entire document,First-party release for this respondent sample.
forum_city_2013_01_25_n1099,forum_2013_jan25_release,entire document,First-party release for this respondent sample.
mainstreet_city_2014_09_12_n1054,mainstreet_2014_sep13_report,entire document,First-party release for this respondent sample.
mainstreet_city_2014_09_21_n2469,mainstreet_2014_sep21_report,entire document,First-party release for this respondent sample.
mainstreet_city_2014_09_28_n2409,mainstreet_2014_sep28_report,entire document,First-party release for this respondent sample.
mainstreet_city_2014_10_05_n2379,mainstreet_2014_oct05_report,entire document,First-party release for this respondent sample.
mainstreet_city_2014_10_23_n3569,mainstreet_2014_oct23_report,entire document,First-party release for this respondent sample.
mainstreet_city_2018_09_16_n802,mainstreet_2018_sep16_report,entire document,First-party release for this respondent sample.
mainstreet_city_2018_09_25_n966,mainstreet_2018_sep25_report,entire document,First-party release for this respondent sample.
mainstreet_city_2014_10_16_n2265,mainstreet_2014_oct17_report,entire document,First-party release for this respondent sample.
nanos_city_2014_08_31_n1000,nanos_2014_aug31_report,entire document,First-party release for this respondent sample.
forum_city_2014_09_22_n1164,forum_2014_sep22_horserace,entire document,First-party release for this respondent sample.
forum_city_2014_02_06_n769,forum_2014_feb09_sun,entire document,First-party release for this respondent sample.
forum_city_2013_11_24_n1049,forum_2013_nov24_sun,entire document,First-party release for this respondent sample.
forum_city_2013_03_19_n1045,forum_2013_mar21_star,entire document,First-party release for this respondent sample.
forum_city_2013_05_10_n974,forum_2013_may13_star,entire document,First-party release for this respondent sample.
mainstreet_city_2018_09_05_n1178,mainstreet_2018_sep06_report,entire document,First-party release for this respondent sample.
mainstreet_city_2023_04_03_n1306,mainstreet_2023_cp24_a,entire document,First-party release for this respondent sample.
mainstreet_city_2023_06_15_n899,mainstreet_2023_cp24_c,entire document,First-party release for this respondent sample.
mainstreet_city_2023_06_22_n1481,mainstreet_2023_cp24_b,entire document,First-party release for this respondent sample.
mainstreet_city_2023_05_03_n1056,mainstreet_2023_may03_report,entire document,First-party release for this respondent sample.
mainstreet_city_2023_05_17_n1125,mainstreet_2023_may19_report,entire document,First-party release for this respondent sample.
mainstreet_city_2023_06_19_n552,mainstreet_2023_jun20_report,entire document,First-party release for this respondent sample.
ekos_city_2010_10_13_21_n433,ekos_2010-10-22_release,page 2 Top Line Results chart; page 2 BASE note (n=433),First-party EKOS release establishing the Oct 13-21 sample and vote intention.
ekos_city_2010_10_20_22_n240,ekos_2010-10-24_release,page 2 Top Line Results chart; page 2 BASE note (n=240),First-party EKOS addendum establishing the Oct 20-22 sample and vote intention.
pollara_city_2010_09_08_12_n700,pollara_2010-09-12_star_blog,Toronto Star 'The Goods' blog post body,News blog reporting the campaign-internal Pollara poll's all-respondent breakdown.
angusreid_city_2010_09_14_15_n502,angusreid_2010-09-15_release,release body (decided-voters-and-leaners paragraph),First-party Angus Reid release establishing the sample and decided-voter vote intention.
nanos_city_2010_09_14_16_n1021,nanos_2010-09-16_globe,Globe and Mail article body,Commissioning outlet reporting the Nanos decided-voter breakdown.
ipsos_city_2010_10_08_10_n400,ipsos_2010-10-10_release,release body (topline preference),First-party Ipsos release establishing the sample and topline vote intention.
angusreid_city_2010_10_14_15_n1001,angusreid_2010-10-15_release,release body (decided-voters-and-leaners paragraph),First-party Angus Reid release establishing the sample and decided-voter vote intention.
nanos_city_2010_10_14_16_n1000,nanos_2010-10-16_globe,Globe and Mail article body,Commissioning outlet reporting the Nanos decided-voter breakdown.
ipsos_city_2010_10_15_17_n500,ipsos_2010-10-17_release,release body (likely turnout voters),First-party Ipsos release establishing the sample and likely-voter vote intention.
sc_city_2006_09_26_30_n500,sc_2006-09-30_ctv,CTV News article body,Commissioning outlet reporting the Strategic Counsel decided-voter split.
decima_city_2006_10_20_26_n400,decima_2006-10-26_star,Toronto Star article body,Commissioning outlet reporting the Decima committed-voter shares.
leger_city_2006_10_27_31,leger_2006-10-31_sun,Toronto Sun article lede/subheadline,Toronto Sun lede reporting the Léger Miller/Pitfield shares (body paywalled).
ipsos_city_2006_11_02_05_n802,ipsos_2006-11-05_natpost,National Post / canada.com article body,Commissioning outlet reporting the Ipsos decided-voter split.
environics_city_2003_10_17_20_n700,environics_2003-10-20_globe,Globe and Mail article body (decided-voter paragraph),Globe and Mail reporting the Environics decided-voter breakdown.
compas_city_2003_10_27,compas_2003-10-27_globe,Globe and Mail article body (poll paragraph),Globe and Mail reporting the COMPAS decided-voter breakdown.
ipsos_city_2003_11_02,ipsos_2003-11-02_globe_ut,reproduced Globe article text in the forum post,Forum reproduction of the Globe article reporting the Ipsos-Reid decided-voter split.
