source_document_id,document_role,publisher_url,retrieval_url,retrieval_status,retrieved_at,media_type,sha256,local_path,byte_size,page_count,sheet_count,text_layer_status,visual_qa_status,access_class,redistribution_status,reuse_terms_url,notes
ipsos_2013-11-12_tables,tables,https://www.ipsos.com/en-ca/rob-fords-road-re-election-long-and-bumpy-prospects-another-victory-look-bleak,https://www.ipsos.com/sites/default/files/publication/2013-11/6317-tb1.pdf,retrieved,2026-08-17T23:51:13Z,application/pdf,75698aa1aafccc1e6649b9e11afcdd89ea729dc9a42a4de3ebe01a6f40c00891,data/source_documents/historical_mayoral/public_wave_2014/ipsos_2013-11-12_tables.pdf,140576,15,,present,passed,public,unknown,,Public first-party table attachment. All 15 physical pages rendered and visually inspected. The attachment contains the four ballot-scenario tables but not fieldwork methodology; the linked first-party release supplies sample metadata. No affirmative redistribution licence was observed.
ipsos_2014-09-16_tables,tables,https://www.ipsos.com/en-ca/doug-and-rob-out-toronto-mayoral-race-john-torys-43-lose-olivia-chow-29-doug-ford-28-trail,https://www.ipsos.com/sites/default/files/publication/2014-09/6599-tb1.pdf,retrieved,2026-08-17T23:51:14Z,application/pdf,889441a1db960020c5178a5f3e90e12c59d036a26b38f6e25a5a7e0aa0ad8e21,data/source_documents/historical_mayoral/public_wave_2014/ipsos_2014-09-16_tables.pdf,106113,2,,present,passed,public,unknown,,Public first-party two-page table attachment. Both pages rendered and visually inspected. The first-party release supplies fieldwork and method metadata. No affirmative redistribution licence was observed.
ipsos_2014-09-26_table_excerpt,tables,https://www.ipsos.com/en-ca/four-weeks-left-until-toronto-mayoral-vote-tory-48-soars-while-chow-26-ford-26-sputter,https://www.ipsos.com/sites/default/files/publication/2014-09/6609-tb1.pdf,retrieved,2026-08-17T23:51:14Z,application/pdf,063ffc0e067eddf87a46843e6e59ec2e52de9709b088cf5050a5e52553421a6d,data/source_documents/historical_mayoral/public_wave_2014/ipsos_2014-09-26_table_excerpt.pdf,60449,1,,present,passed,public,unknown,,Public first-party ballot-table excerpt. Its sole physical page is printed as page 4 of 58; it is not a complete table book. The page rendered cleanly and was visually inspected. The linked first-party release supplies sample metadata. No affirmative redistribution licence was observed.
ipsos_2014-10-23_table_excerpt,tables,https://www.ipsos.com/en-ca/john-tory-42-headed-toronto-mayors-chain-office-over-ford-31-chow-25,https://www.ipsos.com/sites/default/files/publication/2014-10/6648-tb1.pdf,retrieved,2026-08-17T23:51:15Z,application/pdf,255c397a6fa7fd154e453beca66d69dd0935fb54d481674782476dada1827dd1,data/source_documents/historical_mayoral/public_wave_2014/ipsos_2014-10-23_table_excerpt.pdf,24686,4,,present,passed,public,unknown,,Public first-party selected-table attachment. Its four physical pages are printed as pages 1; 4; 6; and 7 of 27; the ballot question pages B and C are absent. All four pages rendered and were visually inspected. The linked first-party release supplies sample metadata. No affirmative redistribution licence was observed.
nanos_2014-07-05_full,tables,https://nanos.co/reports-2/,https://nanos.co/wp-content/uploads/2017/07/2014-541-OCSA-Report-FINAL-w-tabs-R-1.pdf,retrieved,2026-08-17T23:51:15Z,application/pdf,cca2efad67a3478ad600e69cfe36e36d23761c2609641f35cb62334769456a2a,data/source_documents/historical_mayoral/public_wave_2014/nanos_2014-07-05_full.pdf,764920,27,,present,passed,public,unknown,,Public first-party report with methodology; summary charts; and stat sheets. All 27 pages rendered and visually inspected. The document bears a Confidential footer despite public first-party availability; no affirmative redistribution licence was observed and the file remains in the gitignored audit corpus.
maple_leaf_2014-07-30_release,release,http://mapleleafstrategies.com/wp-content/uploads/2014/07/Tory-Leads-Ford-No-Growth-Room.pdf,https://web.archive.org/web/20140808050914id_/http://mapleleafstrategies.com/wp-content/uploads/2014/07/Tory-Leads-Ford-No-Growth-Room.pdf,retrieved,2026-08-17T23:51:18Z,application/pdf,b5eb05990f05b45499b0e2166db9ba29102bd4a1d63b2a93cbcca3a07d5c5920,data/source_documents/historical_mayoral/public_wave_2014/maple_leaf_2014-07-30_release.pdf,766957,2,,present,passed,public,unknown,,Archived replay of the original first-party two-page release. Both pages rendered and were visually inspected. The release includes full published toplines but no demographic crosstabs or reading-level bases. No affirmative redistribution licence was observed.
nanos_2014-09_full,tables,https://nanos.co/wp-content/uploads/2017/07/2014-566B-CTV-Globe-Toronto-Mayoral-Wave-2-report-w-tabs-R.pdf,https://nanos.co/wp-content/uploads/2017/07/2014-566B-CTV-Globe-Toronto-Mayoral-Wave-2-report-w-tabs-R.pdf,retrieved,2026-08-17T16:08:32Z,application/pdf,a62f7fbfed51c4e2b07f2aa63d63d87ba246c997ae62d33ad7ae805869fcd1c4,data/source_documents/pilot_historical/nanos_2014-09_full.pdf,667116,29,,present,passed,public,unknown,,Complete first-party report and stat-sheet PDF. All 29 physical pages were previously rendered and visually inspected for the pilot. No affirmative redistribution licence was observed.
nanos_reports_archive_2021-07-30,article,https://nanos.co/reports-2/,https://web.archive.org/web/20210730210750id_/https://nanos.co/reports-2/,retrieved,2026-08-17T22:56:10Z,text/html,5f16a5a93a1707bfc66c9e33af04806ec6897ccb505ef978eb075f7c346e36ea,data/source_documents/pilot_historical/nanos_reports_archive_2021-07-30.html,767927,,,present,not_applicable,public,unknown,,Archived first-party reports index establishes the September 23 publication date. No affirmative redistribution licence was observed.
viewpoints_2023-05-02_full,tables,https://www.viewpoints.ca/wp-content/uploads/2023/05/Toronto-Mayoral-By-Election-Marginals-Report1.pdf,https://www.viewpoints.ca/wp-content/uploads/2023/05/Toronto-Mayoral-By-Election-Marginals-Report1.pdf,retrieved,2026-08-17T20:07:55Z,application/pdf,5ef807c7fe31194b21b6f1400883052d9deab082fd92e4ffae7a01706e4fae6c,data/source_documents/pilot_historical/viewpoints_2023-05-02_full.pdf,82259,1,,present,passed,public,unknown,,Complete first-party weighted-marginals PDF. The single page was previously rendered and visually inspected for the pilot. No affirmative redistribution licence was observed.
viewpoints_2023-05-02_article,article,https://www.viewpoints.ca/2023/05/chow-leads-mayoral-race-in-new-viewpoints-poll/,https://www.viewpoints.ca/2023/05/chow-leads-mayoral-race-in-new-viewpoints-poll/,retrieved,2026-08-17T20:09:27Z,text/html,d1d48fdb5c7230923eb21735ba68d75eea57fa60bc8fd1346f703cd333d13312,data/source_documents/pilot_historical/viewpoints_2023-05-02_article.html,239947,,,present,not_applicable,public,unknown,,First-party article establishes the May 4 publication date and supplies fieldwork method population turnout-intent screen and sponsor. No affirmative redistribution licence was observed.
viewpoints_2023-06-15_19_full,tables,https://viewpoints.ca/wp-content/uploads/2023/06/Toronto-Mayoral-By-Election-Marginals-Tracking-Report-20230622.pdf,https://viewpoints.ca/wp-content/uploads/2023/06/Toronto-Mayoral-By-Election-Marginals-Tracking-Report-20230622.pdf,retrieved,2026-08-17T16:08:37Z,application/pdf,ab75fd2d30f4adcdf3ee8f1b0182bea238496a21845f1eb4b702735ec0b75e8c,data/source_documents/pilot_historical/viewpoints_2023-06-15_19_full.pdf,94424,2,,present,passed,public,unknown,,Complete first-party weighted-marginals PDF. Both pages were previously rendered and visually inspected for the pilot. No affirmative redistribution licence was observed.
dart_2018_10_12_15_factum,release,http://dartincom.ca/wp-content/uploads/2018/10/Sun-Toronto-Election-Factum-1-Oct-2018.pdf,https://web.archive.org/web/20181023234340id_/http://dartincom.ca/wp-content/uploads/2018/10/Sun-Toronto-Election-Factum-1-Oct-2018.pdf,retrieved,2026-08-17T23:51:00Z,application/pdf,0c927c3dde3e8d12e300038fcd0f3ed0fb4dfb97cfa9f7928f86de06f1b7460a,data/source_documents/historical_mayoral/public_wave_2018_2023/dart_2018_factum.pdf,217873,5,,present,passed,public,unknown,,Complete five-page archived-original factum. All physical pages rendered and visually inspected. It publishes a source-grade head-to-head topline but not the detailed table or the 11-point remainder. No affirmative redistribution licence was observed.
probit_2018_08_20_09_05_all_chart,tables,https://x.com/ProbitInc/status/1038148223423184896,https://pbs.twimg.com/media/Dmg-TpGXcAU_j3-.jpg:large,retrieved,2026-08-17T23:51:00Z,image/jpeg,4d420c07fa1713ae74c96757cc1740d79be36fadbf2227bc6091fea7737a34a4,data/source_documents/historical_mayoral/public_wave_2018_2023/probit_2018_all_voters.jpg,24537,,,not_applicable,passed,public,unknown,,Original 533x524 image attached to the pollster's first-party post. Visually inspected at native resolution. The chart is source-grade but is not a questionnaire or table book. No affirmative redistribution licence was observed.
probit_2018_08_20_09_05_decided_chart,tables,https://x.com/ProbitInc/status/1038148223423184896,https://pbs.twimg.com/media/Dmg-TobW4AEnYm2.jpg:large,retrieved,2026-08-17T23:51:00Z,image/jpeg,56aae6d80ba137a504b6f7420afbfbbab13dbb495b239b8f2981134d991714d4,data/source_documents/historical_mayoral/public_wave_2018_2023/probit_2018_decided.jpg,26691,,,not_applicable,passed,public,unknown,,Original 492x495 image attached to the pollster's first-party post. Visually inspected at native resolution. The chart is source-grade but is not a questionnaire or table book. No affirmative redistribution licence was observed.
viewpoints_2023_06_01_02_marginals,tables,https://www.viewpoints.ca/2023/06/chows-lead-grows-in-new-viewpoints-poll/,https://www.viewpoints.ca/wp-content/uploads/2023/06/Toronto-Mayoral-By-Election-Marginals-Report-20230608-1.pdf,retrieved,2026-08-17T23:51:00Z,application/pdf,8e280ec08e8b41076759b6783a6dd4d9ee286a798de74c52ef0bae82671db044,data/source_documents/historical_mayoral/public_wave_2018_2023/viewpoints_2023_06_01_02.pdf,87081,1,,present,passed,public,unknown,,Complete one-page first-party marginals report. Rendered and visually inspected. It contains both June 2 and May 2 comparison columns; only the June 2 sample is extracted here. No affirmative redistribution licence was observed.
viewpoints_2023_06_08_article,article,https://www.viewpoints.ca/2023/06/chows-lead-grows-in-new-viewpoints-poll/,https://www.viewpoints.ca/2023/06/chows-lead-grows-in-new-viewpoints-poll/,retrieved,2026-08-17T23:56:00Z,text/html,6bd8966309d96f576cde3a4d4b796bcb42412df3f99447a6fad9dcf04b89ab53,data/source_documents/historical_mayoral/public_wave_2018_2023/viewpoints_2023_06_08_article.html,302568,,,present,not_applicable,public,unknown,,First-party release establishes the June 8 publication date and the fieldwork period population mode turnout-intent screen and sponsor. No affirmative redistribution licence was observed.
ipsos_2023_06_09_13_tables,tables,https://www.ipsos.com/sites/default/files/ct/news/documents/2023-06/Toronto%20Mayoral%20Race%20Tables%202.pdf,https://www.ipsos.com/sites/default/files/ct/news/documents/2023-06/Toronto%20Mayoral%20Race%20Tables%202.pdf,retrieved,2026-08-17T23:51:00Z,application/pdf,d789caaa787035ff35e4489223c6b1c9ccf331a0adbf6167b6875a10467b5e1a,data/source_documents/historical_mayoral/public_wave_2018_2023/ipsos_2023_06_tables.pdf,1672113,23,,present,passed,public,unknown,,First-party table extract contains physical pages corresponding to printed pages 3-25 of 33. Every physical page was rendered and visually inspected. It is complete for the mayoral vote-intention readings extracted here but is not the entire internally numbered table book. No affirmative redistribution licence was observed.
ipsos_2023_06_09_13_factum,release,https://www.ipsos.com/sites/default/files/ct/news/documents/2023-06/22-003004-01%20GN%20Media%20Release%20%283%29.pdf,https://www.ipsos.com/sites/default/files/ct/news/documents/2023-06/22-003004-01%20GN%20Media%20Release%20%283%29.pdf,retrieved,2026-08-17T23:56:00Z,application/pdf,642d9caf77be2f33e42e0cf6c04e0a91b5f1bd3d6f58b1e95f763780ae1deef5,data/source_documents/historical_mayoral/public_wave_2018_2023/ipsos_2023_06_factum.pdf,1318733,7,,present,passed,public,prohibited,,Complete first-party factum. Every page was rendered and visually inspected. It establishes the June 19 publication date sponsor fieldwork population mode and achieved sample. The artifact expressly says it may not be reproduced without Ipsos's prior written consent; retained only in the gitignored internal audit corpus.
forum_2022_oct11_release,release,https://poll.forumresearch.com/data/d8c2ba39-b222-4066-a9c4-5b2421fb82abGeneral%20Mayoral%20News%20Release%20Final.pdf,https://web.archive.org/web/20221013194533id_/https://poll.forumresearch.com/data/d8c2ba39-b222-4066-a9c4-5b2421fb82abGeneral%20Mayoral%20News%20Release%20Final.pdf,retrieved,2026-08-18T00:41:49Z,application/pdf,8a9c750df3ffd4993a550558353c03e29b8007200c584c242339747a64139f55,data/source_documents/historical_mayoral/forum_2022_2023/forum_2022_10_08_release.pdf,398487,4,,present,passed,public,unknown,,"First-party Forum PDF recovered through an archived-original replay. All pages were rendered and visually inspected; text layer is present and readable. Public availability is not an affirmative reuse licence, so redistribution status remains unknown."
forum_2023_feb14_release,release,http://poll.forumresearch.com/data/d946c7ad-28c3-463c-af29-247201cdf98fTorontonians%20Split%20on%20John%20Tory%20Resignation%20Feb%2014%202023.pdf,https://web.archive.org/web/20230307095415id_/http://poll.forumresearch.com/data/d946c7ad-28c3-463c-af29-247201cdf98fTorontonians%20Split%20on%20John%20Tory%20Resignation%20Feb%2014%202023.pdf,retrieved,2026-08-18T00:41:49Z,application/pdf,b2ed95e9a908a9f0674a12fccd75ac3abfd4b9066b8024d91b61d596cf8b1cc5,data/source_documents/historical_mayoral/forum_2022_2023/forum_2023_02_14_release.pdf,404475,4,,present,passed,public,unknown,,"First-party Forum PDF recovered through an archived-original replay. All pages were rendered and visually inspected; text layer is present and readable. Public availability is not an affirmative reuse licence, so redistribution status remains unknown."
forum_2023_mar24_release,release,http://poll.forumresearch.com/data/e8944ec2-a76a-48bb-b35d-94f13a395a1cChow%20and%20Saunders%20Lead%20Potential%20Mayor%20Race%20March%2024%202023.pdf,https://web.archive.org/web/20230327175538id_/http://poll.forumresearch.com/data/e8944ec2-a76a-48bb-b35d-94f13a395a1cChow%20and%20Saunders%20Lead%20Potential%20Mayor%20Race%20March%2024%202023.pdf,retrieved,2026-08-18T00:41:49Z,application/pdf,3d6df6ca259734faf48db5630aa4e8107203cf3ebfd7190d30c52085b5803727,data/source_documents/historical_mayoral/forum_2022_2023/forum_2023_03_23_release.pdf,501836,9,,present,passed,public,unknown,,"First-party Forum PDF recovered through an archived-original replay. All pages were rendered and visually inspected; text layer is present and readable. Public availability is not an affirmative reuse licence, so redistribution status remains unknown."
forum_2023_apr27_release,release,https://poll.forumresearch.com/data/1172cde0-151b-4e99-a2a6-7cba7c47a0a0Chow%20pulls%20ahead%20in%20mayor%20race%20April%2027%202023.pdf,https://web.archive.org/web/20230517052033id_/https://poll.forumresearch.com/data/1172cde0-151b-4e99-a2a6-7cba7c47a0a0Chow%20pulls%20ahead%20in%20mayor%20race%20April%2027%202023.pdf,retrieved,2026-08-18T00:41:49Z,application/pdf,2b423eff5500c49e4ebaba2c6e5934589044ff2add720a722713d70e5a2725bc,data/source_documents/historical_mayoral/forum_2022_2023/forum_2023_04_26_release.pdf,482319,8,,present,passed,public,unknown,,"First-party Forum PDF recovered through an archived-original replay. All pages were rendered and visually inspected; text layer is present and readable. Public availability is not an affirmative reuse licence, so redistribution status remains unknown."
forum_2023_apr27_tory_companion,release,https://poll.forumresearch.com/data/b00a589b-f969-44a4-8d3a-a803d9eb62f3Tory%20still%20top%20choice%20for%20mayor%20April%2027%202023.pdf,https://web.archive.org/web/20230606103937id_/https://poll.forumresearch.com/data/b00a589b-f969-44a4-8d3a-a803d9eb62f3Tory%20still%20top%20choice%20for%20mayor%20April%2027%202023.pdf,retrieved,2026-08-18T00:41:49Z,application/pdf,71a096e4acada5bd0adf291145000f4be3bf5778d6fe68ab7e0386f69381d856,data/source_documents/historical_mayoral/forum_2022_2023/forum_2023_04_26_tory_companion.pdf,396403,4,,present,passed,public,unknown,,"First-party Forum PDF recovered through an archived-original replay. All pages were rendered and visually inspected; text layer is present and readable. Public availability is not an affirmative reuse licence, so redistribution status remains unknown."
forum_2023_may08_release,release,https://poll.forumresearch.com/data/9eb54fbe-7a67-41c5-a55e-de9439827d48Chow%20grows%20lead%20in%20mayor%20race%20May%208.pdf,https://web.archive.org/web/20230511051029id_/https://poll.forumresearch.com/data/9eb54fbe-7a67-41c5-a55e-de9439827d48Chow%20grows%20lead%20in%20mayor%20race%20May%208.pdf,retrieved,2026-08-18T00:41:49Z,application/pdf,800c8caf66d73a0b48099190bf25ba8852023debab1fdd160f69a1c88b0da84d,data/source_documents/historical_mayoral/forum_2022_2023/forum_2023_05_07_release.pdf,259271,6,,present,passed,public,unknown,,"First-party Forum PDF recovered through an archived-original replay. All pages were rendered and visually inspected; text layer is present and readable. Public availability is not an affirmative reuse licence, so redistribution status remains unknown."
forum_2023_may08_tory_companion,release,https://poll.forumresearch.com/data/ece1373a-31ce-4753-b1cb-7bbcfb1f261bTory%20remains%20top%20choice%20for%20mayor%20May%208.pdf,https://web.archive.org/web/20230518162133id_/https://poll.forumresearch.com/data/ece1373a-31ce-4753-b1cb-7bbcfb1f261bTory%20remains%20top%20choice%20for%20mayor%20May%208.pdf,retrieved,2026-08-18T00:41:49Z,application/pdf,13f62514834df00f692042c1cd2f0882c83d78be08a06cb112eecd30784f2387,data/source_documents/historical_mayoral/forum_2022_2023/forum_2023_05_07_tory_companion.pdf,387678,3,,present,passed,public,unknown,,"First-party Forum PDF recovered through an archived-original replay. All pages were rendered and visually inspected; text layer is present and readable. Public availability is not an affirmative reuse licence, so redistribution status remains unknown."
forum_2023_may15_release,release,https://poll.forumresearch.com/data/bd46aa03-810b-450a-a958-5e01830e3c72Chow%20remains%20first%20choice%20in%20mayor%20race%20May%2015%202023.pdf,https://web.archive.org/web/20230517014815id_/https://poll.forumresearch.com/data/bd46aa03-810b-450a-a958-5e01830e3c72Chow%20remains%20first%20choice%20in%20mayor%20race%20May%2015%202023.pdf,retrieved,2026-08-18T00:41:49Z,application/pdf,d86945ac07f38d47b77c024527d79d34f557abb6efda2a312d0f2e1795b10a8f,data/source_documents/historical_mayoral/forum_2022_2023/forum_2023_05_14_release.pdf,494267,6,,present,passed,public,unknown,,"First-party Forum PDF recovered through an archived-original replay. All pages were rendered and visually inspected; text layer is present and readable. Public availability is not an affirmative reuse licence, so redistribution status remains unknown."
forum_2023_may21_release,release,https://poll.forumresearch.com/data/e8299849-ea40-44a7-bcf0-65ae5d08b26cChow%20holds%20strong%20as%20front%20runner%20in%20mayor%20race%20May%2021%202023.pdf,https://web.archive.org/web/20250226214239id_/https://poll.forumresearch.com/data/e8299849-ea40-44a7-bcf0-65ae5d08b26cChow%20holds%20strong%20as%20front%20runner%20in%20mayor%20race%20May%2021%202023.pdf,retrieved,2026-08-18T00:41:49Z,application/pdf,70a5e209dffab005a6c182c671f6d4872b27aaae2e69bf5542080f75c8a4fd5f,data/source_documents/historical_mayoral/forum_2022_2023/forum_2023_05_20_release.pdf,500370,6,,present,passed,public,unknown,,"First-party Forum PDF recovered through an archived-original replay. All pages were rendered and visually inspected; text layer is present and readable. Public availability is not an affirmative reuse licence, so redistribution status remains unknown."
forum_2023_may28_release,release,https://poll.forumresearch.com/data/98079d92-72c1-454b-86a4-8997b6eb0056Chow%E2%80%99s%20lead%20unchanged%20in%20latest%20mayoral%20poll.pdf,https://web.archive.org/web/20230530033358id_/https://poll.forumresearch.com/data/98079d92-72c1-454b-86a4-8997b6eb0056Chow%E2%80%99s%20lead%20unchanged%20in%20latest%20mayoral%20poll.pdf,retrieved,2026-08-18T00:41:49Z,application/pdf,b6b41716a5472bc7e75b8439860126799790b7d9bd42279f97a83ea80256d35d,data/source_documents/historical_mayoral/forum_2022_2023/forum_2023_05_27_release.pdf,538886,7,,present,passed,public,unknown,,"First-party Forum PDF recovered through an archived-original replay. All pages were rendered and visually inspected; text layer is present and readable. Public availability is not an affirmative reuse licence, so redistribution status remains unknown."
forum_2023_jun04_release,release,https://poll.forumresearch.com/data/972939ff-a147-412d-8d5c-b3430dc4210eChow%20strengthens%20lead%20in%20mayor%20race%20June%204%202023.pdf,https://web.archive.org/web/20230726065608id_/https://poll.forumresearch.com/data/972939ff-a147-412d-8d5c-b3430dc4210eChow%20strengthens%20lead%20in%20mayor%20race%20June%204%202023.pdf,retrieved,2026-08-18T00:41:49Z,application/pdf,2a6a42a7da826997984ad1709570304823c3393fdc0d63679547c2153ee13046,data/source_documents/historical_mayoral/forum_2022_2023/forum_2023_06_02_release.pdf,560417,10,,present,passed,public,unknown,,"First-party Forum PDF recovered through an archived-original replay. All pages were rendered and visually inspected; text layer is present and readable. Public availability is not an affirmative reuse licence, so redistribution status remains unknown."
forum_2023_jun11_release,release,"http://poll.forumresearch.com/data/1b545e66-8ba5-4da8-885d-14d47b08c744Fresh%20gains%20for%20Bailao,%20Saunders%20and%20Furey%20June%2011%202023.pdf","https://web.archive.org/web/20230612151823id_/http://poll.forumresearch.com/data/1b545e66-8ba5-4da8-885d-14d47b08c744Fresh%20gains%20for%20Bailao,%20Saunders%20and%20Furey%20June%2011%202023.pdf",retrieved,2026-08-18T00:41:49Z,application/pdf,c83a8abcd8f109079dfd7f0569f540714f805297e50d1fcf10fff129e4fdcbb2,data/source_documents/historical_mayoral/forum_2022_2023/forum_2023_06_09_release.pdf,561841,10,,present,passed,public,unknown,,"First-party Forum PDF recovered through an archived-original replay. All pages were rendered and visually inspected; text layer is present and readable. Public availability is not an affirmative reuse licence, so redistribution status remains unknown."
forum_2023_jun24_release,release,https://poll.forumresearch.com/data/cb12c41a-8453-40e6-90f1-7558d098f7e1Chow%20lead%20narrowing%20in%20final%20days%20of%20campaign_June%2024%202023.pdf,https://web.archive.org/web/20230726065606id_/https://poll.forumresearch.com/data/cb12c41a-8453-40e6-90f1-7558d098f7e1Chow%20lead%20narrowing%20in%20final%20days%20of%20campaign_June%2024%202023.pdf,retrieved,2026-08-18T00:41:49Z,application/pdf,6f7914b3c9123becf99478e38073d1a355992ea0b2c1c50d694997b64d6abfbb,data/source_documents/historical_mayoral/forum_2022_2023/forum_2023_06_23_release.pdf,568119,10,,present,passed,public,unknown,,"First-party Forum PDF recovered through an archived-original replay. All pages were rendered and visually inspected; text layer is present and readable. Public availability is not an affirmative reuse licence, so redistribution status remains unknown."
liaison_2023_04_21_22_release,release,https://press.liaisonstrategies.ca/chow-leads-61-say-crime-has-increased/,https://press.liaisonstrategies.ca/chow-leads-61-say-crime-has-increased/,retrieved,2026-08-18T00:40:28Z,text/html,0e13f3e00ef6ecce6139baa403e997e151436f10b7cab0cfa16a769986b1e48c,data/source_documents/historical_mayoral/liaison_2023/liaison_2023-04-24_release.html,15631,,,present,passed,public,unknown,,"Public first-party HTML release, rendered in a live browser and visually inspected. It corroborates publication, sponsor, fieldwork, mode, parent sample size, and the two topline summaries. The separately linked detailed public viewer controls canonical reading values and semantics where the two sources differ. No affirmative redistribution licence was observed."
liaison_2023_04_28_29_release,release,https://press.liaisonstrategies.ca/chow-gains-but-support-for-all-candidates-is-soft/,https://press.liaisonstrategies.ca/chow-gains-but-support-for-all-candidates-is-soft/,retrieved,2026-08-18T00:40:28Z,text/html,a0612fe5ba2e5e5c84033d525ca4cc729ee327c4b7a67cfca7571056201d4789,data/source_documents/historical_mayoral/liaison_2023/liaison_2023-05-01_release.html,15783,,,present,passed,public,unknown,,"Public first-party HTML release, rendered in a live browser and visually inspected. It corroborates publication, sponsor, fieldwork, mode, parent sample size, and the two topline summaries. The separately linked detailed public viewer controls canonical reading values and semantics where the two sources differ. No affirmative redistribution licence was observed."
liaison_2023_05_05_06_release,release,https://press.liaisonstrategies.ca/chow-increases-margin-as-more-voters-make-decisions/,https://press.liaisonstrategies.ca/chow-increases-margin-as-more-voters-make-decisions/,retrieved,2026-08-18T00:40:28Z,text/html,cb38a98e867bf32062667f330ce03ca0198e7c8dd20e247381a68069cf6423b7,data/source_documents/historical_mayoral/liaison_2023/liaison_2023-05-08_release.html,15359,,,present,passed,public,unknown,,"Public first-party HTML release, rendered in a live browser and visually inspected. It corroborates publication, sponsor, fieldwork, mode, parent sample size, and the two topline summaries. The separately linked detailed public viewer controls canonical reading values and semantics where the two sources differ. No affirmative redistribution licence was observed."
liaison_2023_05_12_13_release,release,https://press.liaisonstrategies.ca/chow-continues-steady-climb/,https://press.liaisonstrategies.ca/chow-continues-steady-climb/,retrieved,2026-08-18T00:40:28Z,text/html,81cd19fe2e9611182747fcf2b35b43b630aeb8677d01aa493b620447d69577e4,data/source_documents/historical_mayoral/liaison_2023/liaison_2023-05-15_release.html,15699,,,present,passed,public,unknown,,"Public first-party HTML release, rendered in a live browser and visually inspected. It corroborates publication, sponsor, fieldwork, mode, parent sample size, and the two topline summaries. The separately linked detailed public viewer controls canonical reading values and semantics where the two sources differ. No affirmative redistribution licence was observed."
liaison_2023_05_17_18_release,release,https://press.liaisonstrategies.ca/chow-leads-saunders-second-hunter-third/,https://press.liaisonstrategies.ca/chow-leads-saunders-second-hunter-third/,retrieved,2026-08-18T00:40:28Z,text/html,50b1e5feeb5e90675c37175df65282553d8f821f36bf34f6159783794d8f0470,data/source_documents/historical_mayoral/liaison_2023/liaison_2023-05-20_release.html,15472,,,present,passed,public,unknown,,"Public first-party HTML release, rendered in a live browser and visually inspected. It corroborates publication, sponsor, fieldwork, mode, parent sample size, and the two topline summaries. The separately linked detailed public viewer controls canonical reading values and semantics where the two sources differ. No affirmative redistribution licence was observed."
liaison_2023_05_26_27_release,release,https://press.liaisonstrategies.ca/chow-continues-lead-as-saunders-hunter-tied-at-second/,https://press.liaisonstrategies.ca/chow-continues-lead-as-saunders-hunter-tied-at-second/,retrieved,2026-08-18T00:40:28Z,text/html,d8c7c89eaa96fc801f85f9c762a9a4b29e008ddcdf39380402792d6055281d96,data/source_documents/historical_mayoral/liaison_2023/liaison_2023-05-29_release.html,15688,,,present,passed,public,unknown,,"Public first-party HTML release, rendered in a live browser and visually inspected. It corroborates publication, sponsor, fieldwork, mode, parent sample size, and the two topline summaries. The separately linked detailed public viewer controls canonical reading values and semantics where the two sources differ. No affirmative redistribution licence was observed."
liaison_2023_06_03_04_release,release,https://press.liaisonstrategies.ca/chow-holds-21-point-lead-over-saunders/,https://press.liaisonstrategies.ca/chow-holds-21-point-lead-over-saunders/,retrieved,2026-08-18T00:40:28Z,text/html,c09f5e59a84fb4aaa4c163e59b80dc4990dfad8f101a6f68fd752e107f8f204a,data/source_documents/historical_mayoral/liaison_2023/liaison_2023-06-06_release.html,15329,,,present,passed,public,unknown,,"Public first-party HTML release, rendered in a live browser and visually inspected. It corroborates publication, sponsor, fieldwork, mode, parent sample size, and the two topline summaries. The separately linked detailed public viewer controls canonical reading values and semantics where the two sources differ. No affirmative redistribution licence was observed."
liaison_2023_06_10_11_release,release,https://press.liaisonstrategies.ca/untitled/,https://press.liaisonstrategies.ca/untitled/,retrieved,2026-08-18T00:40:28Z,text/html,0019260e10dc9ae90af9fffa199bf3aec0f653c204edac5fad406c4b67ba544d,data/source_documents/historical_mayoral/liaison_2023/liaison_2023-06-13_release.html,15927,,,present,passed,public,unknown,,"Public first-party HTML release, rendered in a live browser and visually inspected. It corroborates publication, sponsor, fieldwork, mode, parent sample size, and the two topline summaries. The separately linked detailed public viewer controls canonical reading values and semantics where the two sources differ. No affirmative redistribution licence was observed."
liaison_2023_06_12_13_release,release,https://press.liaisonstrategies.ca/june-15/,https://press.liaisonstrategies.ca/june-15/,retrieved,2026-08-18T00:40:28Z,text/html,d37ec15192423d0713ab7bb043be5c519a3d53cd41d376defc448c892481cf26,data/source_documents/historical_mayoral/liaison_2023/liaison_2023-06-15_release.html,16864,,,present,passed,public,unknown,,"Public first-party HTML release, rendered in a live browser and visually inspected. It corroborates publication, sponsor, fieldwork, mode, parent sample size, and the two topline summaries. The separately linked detailed public viewer controls canonical reading values and semantics where the two sources differ. No affirmative redistribution licence was observed."
liaison_2023_06_17_18_release,release,https://press.liaisonstrategies.ca/chow-steady-as-she-goes-while-rest-of-field-has-minor-ups-downs/,https://press.liaisonstrategies.ca/chow-steady-as-she-goes-while-rest-of-field-has-minor-ups-downs/,retrieved,2026-08-18T00:40:28Z,text/html,73b35164b8627ade7c8805e6e9015ad6e0a133b3c1ffd2bc775655381daade28,data/source_documents/historical_mayoral/liaison_2023/liaison_2023-06-20_release.html,17474,,,present,passed,public,unknown,,"Public first-party HTML release, rendered in a live browser and visually inspected. It corroborates publication, sponsor, fieldwork, mode, parent sample size, and the two topline summaries. The separately linked detailed public viewer controls canonical reading values and semantics where the two sources differ. No affirmative redistribution licence was observed."
liaison_2023_06_22_23_release,release,https://press.liaisonstrategies.ca/chow-leads-in-final-days-of-campaign/,https://press.liaisonstrategies.ca/chow-leads-in-final-days-of-campaign/,retrieved,2026-08-18T00:40:28Z,text/html,9e0cfd7a151b345c89cfb810fda680123a74f22973cc08f27edfe7c39bb5a7f6,data/source_documents/historical_mayoral/liaison_2023/liaison_2023-06-24_release.html,16909,,,present,passed,public,unknown,,"Public first-party HTML release, rendered in a live browser and visually inspected. It corroborates publication, sponsor, fieldwork, mode, parent sample size, and the two topline summaries. The separately linked detailed public viewer controls canonical reading values and semantics where the two sources differ. No affirmative redistribution licence was observed."
liaison_2023_04_21_22_tables,tables,https://www.scribd.com/document/640520195,https://www.scribd.com/document/640520195,retrieved,2026-08-18T00:56:09Z,text/html,de6633da55a3d788996afad3033346d94e37a3ca8e9428e375a87339e5c1d1a8,data/source_documents/historical_mayoral/liaison_2023/liaison_2023-04-24_scribd_viewer.html,1201612,16,,present,passed,public,unknown,,"Ordinary unauthenticated Scribd viewer HTML for the exact report uploaded by Liaison Strategies. The public viewer was rendered and visually audited; it exposes the report pages, methodology, question wording, and tables, but this saved HTML depends on external viewer assets. The PDF download is signup/free-trial gated. No PDF or page assets were downloaded or reconstructed, and no affirmative redistribution licence was observed. Scribd-generated description and canonical metadata are not treated as report evidence."
liaison_2023_04_28_29_tables,tables,https://www.scribd.com/document/641979949,https://www.scribd.com/document/641979949,retrieved,2026-08-18T00:56:09Z,text/html,50368c0645e18c686ac2caec17477b34688421c3a175abea070883dcda90b99a,data/source_documents/historical_mayoral/liaison_2023/liaison_2023-05-01_scribd_viewer.html,1349399,16,,present,passed,public,unknown,,"Ordinary unauthenticated Scribd viewer HTML for the exact report uploaded by Liaison Strategies. The public viewer was rendered and visually audited; it exposes the report pages, methodology, question wording, and tables, but this saved HTML depends on external viewer assets. The PDF download is signup/free-trial gated. No PDF or page assets were downloaded or reconstructed, and no affirmative redistribution licence was observed. Scribd-generated description and canonical metadata are not treated as report evidence."
liaison_2023_05_05_06_tables,tables,https://www.scribd.com/document/643701013,https://www.scribd.com/document/643701013,retrieved,2026-08-18T00:56:09Z,text/html,75a90815b9b5f446c196973ccebeee76e843d74a413a45fa5d98bd3ea4c85955,data/source_documents/historical_mayoral/liaison_2023/liaison_2023-05-08_scribd_viewer.html,1360882,7,,present,passed,public,unknown,,"Ordinary unauthenticated Scribd viewer HTML for the exact report uploaded by Liaison Strategies. The public viewer was rendered and visually audited; it exposes the report pages, methodology, question wording, and tables, but this saved HTML depends on external viewer assets. The PDF download is signup/free-trial gated. No PDF or page assets were downloaded or reconstructed, and no affirmative redistribution licence was observed. Scribd-generated description and canonical metadata are not treated as report evidence."
liaison_2023_05_12_13_tables,tables,https://www.scribd.com/document/645478285,https://www.scribd.com/document/645478285,retrieved,2026-08-18T00:56:09Z,text/html,722395f21e78cfb70a46fcec873d3243f407fabc3797ee69c81b4fc1c6b2faea,data/source_documents/historical_mayoral/liaison_2023/liaison_2023-05-15_scribd_viewer.html,1354788,7,,present,passed,public,unknown,,"Ordinary unauthenticated Scribd viewer HTML for the exact report uploaded by Liaison Strategies. The public viewer was rendered and visually audited; it exposes the report pages, methodology, question wording, and tables, but this saved HTML depends on external viewer assets. The PDF download is signup/free-trial gated. No PDF or page assets were downloaded or reconstructed, and no affirmative redistribution licence was observed. Scribd-generated description and canonical metadata are not treated as report evidence."
liaison_2023_05_17_18_tables,tables,https://www.scribd.com/document/646880402,https://www.scribd.com/document/646880402,retrieved,2026-08-18T00:56:09Z,text/html,978a20b776f9e3f4c2cad1b07e64f5bf82297619212b273fded6cb51e1fccc7c,data/source_documents/historical_mayoral/liaison_2023/liaison_2023-05-20_scribd_viewer.html,1358368,7,,present,passed,public,unknown,,"Ordinary unauthenticated Scribd viewer HTML for the exact report uploaded by Liaison Strategies. The public viewer was rendered and visually audited; it exposes the report pages, methodology, question wording, and tables, but this saved HTML depends on external viewer assets. The PDF download is signup/free-trial gated. No PDF or page assets were downloaded or reconstructed, and no affirmative redistribution licence was observed. Scribd-generated description and canonical metadata are not treated as report evidence."
liaison_2023_05_26_27_tables,tables,https://www.scribd.com/document/649083839,https://www.scribd.com/document/649083839,retrieved,2026-08-18T00:56:09Z,text/html,b4b691c66d8e28e38210188fdcf53e578cdeaabf64d45d1a9c646f415fb26f82,data/source_documents/historical_mayoral/liaison_2023/liaison_2023-05-29_scribd_viewer.html,1338077,7,,present,passed,public,unknown,,"Ordinary unauthenticated Scribd viewer HTML for the exact report uploaded by Liaison Strategies. The public viewer was rendered and visually audited; it exposes the report pages, methodology, question wording, and tables, but this saved HTML depends on external viewer assets. The PDF download is signup/free-trial gated. No PDF or page assets were downloaded or reconstructed, and no affirmative redistribution licence was observed. Scribd-generated description and canonical metadata are not treated as report evidence."
liaison_2023_06_03_04_tables,tables,https://www.scribd.com/document/651023358,https://www.scribd.com/document/651023358,retrieved,2026-08-18T00:56:09Z,text/html,cd89abe445d2cea3664b7cbae3c5f07ac8e76b1142c8411a75920401518db459,data/source_documents/historical_mayoral/liaison_2023/liaison_2023-06-06_scribd_viewer.html,1332375,7,,present,passed,public,unknown,,"Ordinary unauthenticated Scribd viewer HTML for the exact report uploaded by Liaison Strategies. The public viewer was rendered and visually audited; it exposes the report pages, methodology, question wording, and tables, but this saved HTML depends on external viewer assets. The PDF download is signup/free-trial gated. No PDF or page assets were downloaded or reconstructed, and no affirmative redistribution licence was observed. Scribd-generated description and canonical metadata are not treated as report evidence."
liaison_2023_06_10_11_tables,tables,https://www.scribd.com/document/652661765,https://www.scribd.com/document/652661765,retrieved,2026-08-18T00:56:09Z,text/html,3e46a2ad7f6fe282a8cd578093a6f0de8c2a991d8af4f68e8060c26150774bb5,data/source_documents/historical_mayoral/liaison_2023/liaison_2023-06-13_scribd_viewer.html,1136971,15,,present,passed,public,unknown,,"Ordinary unauthenticated Scribd viewer HTML for the exact report uploaded by Liaison Strategies. The public viewer was rendered and visually audited; it exposes the report pages, methodology, question wording, and tables, but this saved HTML depends on external viewer assets. The PDF download is signup/free-trial gated. No PDF or page assets were downloaded or reconstructed, and no affirmative redistribution licence was observed. Scribd-generated description and canonical metadata are not treated as report evidence."
liaison_2023_06_12_13_tables,tables,https://www.scribd.com/document/653169044,https://www.scribd.com/document/653169044,retrieved,2026-08-18T00:56:09Z,text/html,b831480fe532be00dfd93ae088fa0faa7633e88caf1548d7625a2d78232fac94,data/source_documents/historical_mayoral/liaison_2023/liaison_2023-06-15_scribd_viewer.html,1213292,7,,present,passed,public,unknown,,"Ordinary unauthenticated Scribd viewer HTML for the exact report uploaded by Liaison Strategies. The public viewer was rendered and visually audited; it exposes the report pages, methodology, question wording, and tables, but this saved HTML depends on external viewer assets. The PDF download is signup/free-trial gated. No PDF or page assets were downloaded or reconstructed, and no affirmative redistribution licence was observed. Scribd-generated description and canonical metadata are not treated as report evidence."
liaison_2023_06_17_18_tables,tables,https://www.scribd.com/document/654274535,https://www.scribd.com/document/654274535,retrieved,2026-08-18T00:56:09Z,text/html,6cd7278bdb26186bdfb632d8daac5e176316eaae2acac17dd6892db5d66552cb,data/source_documents/historical_mayoral/liaison_2023/liaison_2023-06-20_scribd_viewer.html,1198188,7,,present,passed,public,unknown,,"Ordinary unauthenticated Scribd viewer HTML for the exact report uploaded by Liaison Strategies. The public viewer was rendered and visually audited; it exposes the report pages, methodology, question wording, and tables, but this saved HTML depends on external viewer assets. The PDF download is signup/free-trial gated. No PDF or page assets were downloaded or reconstructed, and no affirmative redistribution licence was observed. Scribd-generated description and canonical metadata are not treated as report evidence."
liaison_2023_06_22_23_tables,tables,https://www.scribd.com/document/655112063,https://www.scribd.com/document/655112063,retrieved,2026-08-18T00:56:09Z,text/html,d229933085d292f92bc973cdadd432cb6cfabd4bc533b41bee7a7c895e948019,data/source_documents/historical_mayoral/liaison_2023/liaison_2023-06-24_scribd_viewer.html,1309639,7,,present,passed,public,unknown,,"Ordinary unauthenticated Scribd viewer HTML for the exact report uploaded by Liaison Strategies. The public viewer was rendered and visually audited; it exposes the report pages, methodology, question wording, and tables, but this saved HTML depends on external viewer assets. The PDF download is signup/free-trial gated. No PDF or page assets were downloaded or reconstructed, and no affirmative redistribution licence was observed. Scribd-generated description and canonical metadata are not treated as report evidence."
mainstreet_2023-02-14_report,tables,https://www.mainstreetresearch.ca/poll/toronto-polling-february-2023/,https://web.archive.org/web/20230313205132id_/https://www.mainstreetresearch.ca/2023_Polls/Toronto/Toronto_Early_Feb_2023_QP-1.pdf?_t=1677786735,retrieved,2026-08-18T01:24:19Z,application/pdf,94c0d8c31448365eb62810338f4b154584db54529d412bdbce105438a5acbbcb,data/source_documents/historical_mayoral/mainstreet_2023/mainstreet_2023-02-14_report.pdf,1179196,38,,present,passed,public,prohibited,,"Clean archived-original first-party PDF payload. All 38 physical pages were rendered and visually inspected; no clipping, corruption, unexpected blank pages, or unreadable tables were found. The report expressly prohibits reproduction without written authorization; retained only in the gitignored internal audit corpus."
mainstreet_2023-02-19_report,tables,https://www.mainstreetresearch.ca/poll/toronto-polling-late-february-2023/,https://web.archive.org/web/20230315221852id_/https://www.mainstreetresearch.ca/2023_Polls/Toronto/Toronto_Late_Feb_2023_QP-1.pdf?_t=1677823873,retrieved,2026-08-18T01:24:23Z,application/pdf,f9980ba7db824da7020f0c2e881bb5dd1006935ec2ca4d3f3014c5293fd9d517,data/source_documents/historical_mayoral/mainstreet_2023/mainstreet_2023-02-19_report.pdf,1280804,62,,present,passed,public,prohibited,,"Clean archived-original first-party PDF payload. All 62 physical pages were rendered and visually inspected; no clipping, corruption, unexpected blank pages, or unreadable tables were found. The report expressly prohibits reproduction without written authorization; retained only in the gitignored internal audit corpus."
mainstreet_2023-03-19_report,tables,https://www.mainstreetresearch.ca/poll/toronto-polling-march-2023/,https://web.archive.org/web/20230426201843id_/https://www.mainstreetresearch.ca/2023_Polls/Toronto/Toronto_Mar_17_2023.pdf,retrieved,2026-08-18T01:24:26Z,application/pdf,57bc779c2faf9cd2cd1dc6ebd66a79ad6928dae151f5fa442e1cef7b34122a18,data/source_documents/historical_mayoral/mainstreet_2023/mainstreet_2023-03-19_report.pdf,1209913,42,,present,passed,public,prohibited,,"Clean archived-original first-party PDF payload. All 42 physical pages were rendered and visually inspected; no clipping, corruption, unexpected blank pages, or unreadable tables were found. The report expressly prohibits reproduction without written authorization; retained only in the gitignored internal audit corpus."
mainstreet_2023-04-13_report,tables,https://www.mainstreetresearch.ca/poll/toronto-april-polling/,https://web.archive.org/web/20230605231252id_/https://www.mainstreetresearch.ca/2023_Polls/Toronto/Toronto_2_April_12_2023.pdf,retrieved,2026-08-18T01:24:30Z,application/pdf,3e9d2114462079040ed8ffdb130fef3be494b57ce9c5811a53fe893c87333559,data/source_documents/historical_mayoral/mainstreet_2023/mainstreet_2023-04-13_report.pdf,1181949,30,,present,passed,public,prohibited,,"Clean archived-original first-party detailed PDF payload. All 30 physical pages were rendered and visually inspected; no clipping, corruption, unexpected blank pages, or unreadable tables were found. The original page labelled this edition for Mainstreet Intel subscribers, but the archived static payload is publicly retrievable. The report expressly prohibits reproduction without written authorization; retained only in the gitignored internal audit corpus."
mainstreet_2023-04-13_public,tables,https://www.mainstreetresearch.ca/poll/toronto-april-polling/,https://web.archive.org/web/20230415051420id_/https://old.ipolitics.ca/wp-content/uploads/2023/04/Toronto_2_April_12_2023_Public.pdf,retrieved,2026-08-18T01:24:32Z,application/pdf,e4bcdedc1f4d506799d5cde2f40f7256ca0d240afc4c3a9d3de30e02ead0017d,data/source_documents/historical_mayoral/mainstreet_2023/mainstreet_2023-04-13_public.pdf,1134083,20,,present,passed,public,prohibited,,"Clean archived-original public-edition PDF from the QP Briefing/iPolitics media mirror; its archive payload digest matches the recovered bytes. All 20 physical pages were rendered and visually inspected; no clipping, corruption, unexpected blank pages, or unreadable tables were found. The report expressly prohibits reproduction without written authorization; retained only in the gitignored internal audit corpus."
mainstreet_2023-04-20_report,tables,https://www.mainstreetresearch.ca/poll/toronto-late-april-polling/,https://web.archive.org/web/20230421154737id_/https://www.mainstreetresearch.ca/2023_Polls/Toronto/Toronto_April_18_2023.pdf,retrieved,2026-08-18T01:24:36Z,application/pdf,7c7abbecf8fb1535a4ed05636f7c85601a7fd065fda37eaf22ace095fdfaa23b,data/source_documents/historical_mayoral/mainstreet_2023/mainstreet_2023-04-20_report.pdf,1090586,14,,present,passed,public,prohibited,,"Clean archived-original first-party detailed PDF payload. All 14 physical pages were rendered and visually inspected; no clipping, corruption, unexpected blank pages, or unreadable tables were found. The report expressly prohibits reproduction without written authorization; retained only in the gitignored internal audit corpus."
mainstreet_2023-04-20_public,tables,https://www.mainstreetresearch.ca/poll/toronto-late-april-polling/,https://web.archive.org/web/20250219225455id_/https://old.ipolitics.ca/wp-content/uploads/2023/03/Toronto_April_18_2023_Public.pdf,retrieved,2026-08-18T01:24:39Z,application/pdf,7e94e4d9a771c3281dc22c07c5649fb0f385c9a4b0b4923e34386086c7d91331,data/source_documents/historical_mayoral/mainstreet_2023/mainstreet_2023-04-20_public.pdf,1070989,10,,present,passed,public,prohibited,,"Clean archived-original public-edition PDF from the QP Briefing/iPolitics media mirror; CDX digest ZTCHBZVJNKQOFEILXQN26VIFFQJ3P4T3 matches the recovered bytes. All 10 physical pages were rendered and visually inspected; no clipping, corruption, unexpected blank pages, or unreadable tables were found. The report expressly prohibits reproduction without written authorization; retained only in the gitignored internal audit corpus."
mainstreet_2023-04-26_report,tables,https://www.mainstreetresearch.ca/poll/toronto-final-april-poll/,https://web.archive.org/web/20230428125957id_/https://www.mainstreetresearch.ca/2023_Polls/Toronto/Toronto_April_26_2023.pdf,retrieved,2026-08-18T01:24:41Z,application/pdf,524f48dcf24b6ef83b5f25055bcf81d9438c7667cd70c85037b253c2f54ad5d7,data/source_documents/historical_mayoral/mainstreet_2023/mainstreet_2023-04-26_report.pdf,1104374,17,,present,passed,public,prohibited,,"Clean archived-original first-party detailed PDF payload. All 17 physical pages were rendered and visually inspected; no clipping, corruption, unexpected blank pages, or unreadable tables were found. The report expressly prohibits reproduction without written authorization; retained only in the gitignored internal audit corpus."
mainstreet_2023-04-26_public,tables,https://www.mainstreetresearch.ca/poll/toronto-final-april-poll/,https://web.archive.org/web/20230505182317id_/https://www.mainstreetresearch.ca/2023_Polls/Toronto/Toronto_April_26_2023_Public.pdf,retrieved,2026-08-18T01:24:44Z,application/pdf,90d5d1992381c33bc2663a3172b57b0c058db6d786c1801e5de1c72857973aa3,data/source_documents/historical_mayoral/mainstreet_2023/mainstreet_2023-04-26_public.pdf,1079877,12,,present,passed,public,prohibited,,"Clean archived-original first-party public-edition PDF payload. All 12 physical pages were rendered and visually inspected; no clipping, corruption, unexpected blank pages, or unreadable tables were found. The report expressly prohibits reproduction without written authorization; retained only in the gitignored internal audit corpus."
forum_2014_apr15_release,release,https://poll.forumresearch.com/data/TO%20Approval_Horserace%20News%20Release%20%282014.04.15%29%20Forum%20Research.pdf,https://web.archive.org/web/20190719205102id_/https://poll.forumresearch.com/data/TO%20Approval_Horserace%20News%20Release%20%282014.04.15%29%20Forum%20Research.pdf,retrieved,2026-08-18T02:30:00Z,application/pdf,03b3e4bf63bfc09c7667e8a1351b9f528d649994002fb3f76daeaa46f830965c,data/source_documents/historical_mayoral/forum_2014_2018/forum_2014_04_15_release.pdf,494345,42,,present,passed,public,unknown,,"First-party Forum PDF recovered through an archived-original replay. All pages were rendered and visually inspected; the text layer is present and readable. Public availability is not an affirmative reuse licence, so redistribution status remains unknown."
forum_2014_may02_release,release,https://poll.forumresearch.com/data/TO%20Approval%20%26%20Horserace%20News%20Release%20%282014.05.02%29%20Forum%20Research.pdf,https://web.archive.org/web/20190719205059id_/https://poll.forumresearch.com/data/TO%20Approval%20%26%20Horserace%20News%20Release%20%282014.05.02%29%20Forum%20Research.pdf,retrieved,2026-08-18T02:30:00Z,application/pdf,dcc31a295d47b402248c35e81adad75f96c508a3361176cdcc7b2768f96b02e8,data/source_documents/historical_mayoral/forum_2014_2018/forum_2014_05_02_release.pdf,478031,38,,present,passed,public,unknown,,"First-party Forum PDF recovered through an archived-original replay. All pages were rendered and visually inspected; the text layer is present and readable. Public availability is not an affirmative reuse licence, so redistribution status remains unknown."
forum_2014_may21_release,release,https://poll.forumresearch.com/data/TO%20Horserace%20News%20Release%20%282014%2005%2021%29%20Forum%20Research.pdf,https://web.archive.org/web/20190719205057id_/https://poll.forumresearch.com/data/TO%20Horserace%20News%20Release%20%282014%2005%2021%29%20Forum%20Research.pdf,retrieved,2026-08-18T02:30:00Z,application/pdf,b981d59269aa71a06eb52d665b044cc2aa14fda737a1af24011eab5e21a14902,data/source_documents/historical_mayoral/forum_2014_2018/forum_2014_05_21_release.pdf,472897,40,,present,passed,public,unknown,,"First-party Forum PDF recovered through an archived-original replay. All pages were rendered and visually inspected; the text layer is present and readable. Public availability is not an affirmative reuse licence, so redistribution status remains unknown."
forum_2014_jun24_release,release,http://poll.forumresearch.com/data/TO%20Horse%20Race%20News%20Release%20%282014%2006%2024%29%20Forum%20Research.pdf,https://web.archive.org/web/20141008081830id_/http://poll.forumresearch.com/data/TO%20Horse%20Race%20News%20Release%20%282014%2006%2024%29%20Forum%20Research.pdf,retrieved,2026-08-18T02:30:00Z,application/pdf,daf4e23dadecce5bdbd16c698c66827a12f95cff801003f5d97b682c28710763,data/source_documents/historical_mayoral/forum_2014_2018/forum_2014_06_24_release.pdf,587631,55,,present,passed,public,unknown,,"First-party Forum PDF recovered through an archived-original replay. All pages were rendered and visually inspected; the text layer is present and readable. Public availability is not an affirmative reuse licence, so redistribution status remains unknown. The methodology prints the field date as June 23th. The five-way table heading and rows name Rob Ford while the printed question names Doug Ford."
forum_2014_jul02_release,release,http://poll.forumresearch.com/data/TO%20Horse%20Race%20News%20Release%20%282014%2007%2002%29%20Forum%20Research.pdf,https://web.archive.org/web/20140714174229id_/http://poll.forumresearch.com/data/TO%20Horse%20Race%20News%20Release%20%282014%2007%2002%29%20Forum%20Research.pdf,retrieved,2026-08-18T02:30:00Z,application/pdf,892887e66f7f5b43c8acede8f9c53fc96f99a84f08f35ee57b86d930154787f6,data/source_documents/historical_mayoral/forum_2014_2018/forum_2014_07_02_release.pdf,384985,24,,present,passed,public,unknown,,"First-party Forum PDF recovered through an archived-original replay. All pages were rendered and visually inspected; the text layer is present and readable. Public availability is not an affirmative reuse licence, so redistribution status remains unknown. The five-way table heading and rows name Rob Ford while the printed question names Doug Ford."
forum_2014_jul21_release,release,http://poll.forumresearch.com/data/TO%20Municipal%20Issues%20News%20Release%20%282014%2007%2021%29%20Forum%20Research.pdf,https://web.archive.org/web/20140727231637id_/http://poll.forumresearch.com/data/TO%20Municipal%20Issues%20News%20Release%20%282014%2007%2021%29%20Forum%20Research.pdf,retrieved,2026-08-18T02:30:00Z,application/pdf,410b557d173f876b678381a84d82758a61ab9b9725af586ec93b2a853492251c,data/source_documents/historical_mayoral/forum_2014_2018/forum_2014_07_21_release.pdf,331754,15,,present,passed,public,unknown,,"First-party Forum PDF recovered through an archived-original replay. All pages were rendered and visually inspected; the text layer is present and readable. Public availability is not an affirmative reuse licence, so redistribution status remains unknown."
forum_2014_aug06_release,release,http://poll.forumresearch.com/data/TO%20Municipal%20Issues%20News%20Release%20%282014%2008%2006%29%20Forum%20Research.pdf,https://web.archive.org/web/20150601014151id_/http://poll.forumresearch.com/data/TO%20Municipal%20Issues%20News%20Release%20%282014%2008%2006%29%20Forum%20Research.pdf,retrieved,2026-08-18T02:30:00Z,application/pdf,c92a0d2cd015f6ab8e84d434bc044957ca53be7810a530fe697b0ab15d0cd4ee,data/source_documents/historical_mayoral/forum_2014_2018/forum_2014_08_06_release.pdf,427171,29,,present,passed,public,unknown,,"First-party Forum PDF recovered through an archived-original replay. All pages were rendered and visually inspected; the text layer is present and readable. Public availability is not an affirmative reuse licence, so redistribution status remains unknown."
forum_2014_aug26_release,release,http://poll.forumresearch.com:80/data/TO%20Municipal%20Issues%20News%20Release%20%282014%2008%2026%29%20Forum%20Research.pdf,https://web.archive.org/web/20140913001631id_/http://poll.forumresearch.com:80/data/TO%20Municipal%20Issues%20News%20Release%20%282014%2008%2026%29%20Forum%20Research.pdf,retrieved,2026-08-18T02:30:00Z,application/pdf,f20f370a603b3ceaa19fe086eee74e1eac177763b8613c216dd4605111c94ef5,data/source_documents/historical_mayoral/forum_2014_2018/forum_2014_08_26_release.pdf,351232,19,,present,passed,public,unknown,,"First-party Forum PDF recovered through an archived-original replay. All pages were rendered and visually inspected; the text layer is present and readable. Public availability is not an affirmative reuse licence, so redistribution status remains unknown. The three-way table heading and rows omit David Soknacki while its printed question includes him."
forum_2014_sep08_release,release,http://poll.forumresearch.com/data/TO%20Horserace%20News%20Release%20%282014%2009%2008%29%20Forum%20Research.pdf,https://web.archive.org/web/20140911100214id_/http://poll.forumresearch.com/data/TO%20Horserace%20News%20Release%20%282014%2009%2008%29%20Forum%20Research.pdf,retrieved,2026-08-18T02:30:00Z,application/pdf,0a86fd62fc829c319fd509bf5a93200b4a7090484d8abee5fedc9da483eea0d0,data/source_documents/historical_mayoral/forum_2014_2018/forum_2014_09_08_release.pdf,379477,22,,present,passed,public,unknown,,"First-party Forum PDF recovered through an archived-original replay. All pages were rendered and visually inspected; the text layer is present and readable. Public availability is not an affirmative reuse licence, so redistribution status remains unknown."
forum_2014_sep12_release,release,http://poll.forumresearch.com/data/TO%20Horserace%20News%20Release%20%282014%2009%2012%29%20Forum%20Research.pdf,https://web.archive.org/web/20140913101653id_/http://poll.forumresearch.com/data/TO%20Horserace%20News%20Release%20%282014%2009%2012%29%20Forum%20Research.pdf,retrieved,2026-08-18T02:30:00Z,application/pdf,5b1ad1f568ae46c6646279400036c9bbd8bbdce5543f477f20ccb931f38992a7,data/source_documents/historical_mayoral/forum_2014_2018/forum_2014_09_12_release.pdf,310040,13,,present,passed,public,unknown,,"First-party Forum PDF recovered through an archived-original replay. All pages were rendered and visually inspected; the text layer is present and readable. Public availability is not an affirmative reuse licence, so redistribution status remains unknown."
forum_2014_sep22_release,release,https://poll.forumresearch.com/data/TO%20Issues%20News%20Release%20%282014%2009%2022%29%20Forum%20Research.pdf,https://web.archive.org/web/20190719205003id_/https://poll.forumresearch.com/data/TO%20Issues%20News%20Release%20%282014%2009%2022%29%20Forum%20Research.pdf,retrieved,2026-08-18T02:30:00Z,application/pdf,dd22ec7fb37db924306d2b5d2f5d8d3e28dd479582b6272731bdda25c9cebd28,data/source_documents/historical_mayoral/forum_2014_2018/forum_2014_09_22_release.pdf,325560,15,,present,passed,public,unknown,,"First-party Forum PDF recovered through an archived-original replay. All pages were rendered and visually inspected; the text layer is present and readable. Public availability is not an affirmative reuse licence, so redistribution status remains unknown. The release publishes three two-candidate ballot tables but not the current-field ballot table."
forum_2014_sep29_release,release,http://poll.forumresearch.com/data/TO%20Horserace%20News%20Release%20%282014%2009%2029%29%20Forum%20Research.pdf,https://web.archive.org/web/20141006090511id_/http://poll.forumresearch.com/data/TO%20Horserace%20News%20Release%20%282014%2009%2029%29%20Forum%20Research.pdf,retrieved,2026-08-18T02:30:00Z,application/pdf,b3bf4da3ee53f3340777a45ab999ef83ab37ef8e392065c2243ed391360efaef,data/source_documents/historical_mayoral/forum_2014_2018/forum_2014_09_29_release.pdf,248565,4,,present,passed,public,unknown,,"First-party Forum PDF recovered through an archived-original replay. All pages were rendered and visually inspected; the text layer is present and readable. Public availability is not an affirmative reuse licence, so redistribution status remains unknown. Its trend table preserves the September 22 current-field row whose full table is absent from that sample's own release."
forum_2014_oct06_release,release,http://poll.forumresearch.com/data/TO%20Horserace%20News%20Release%20%282014%2010%2006%29%20Forum%20Research.pdf,https://web.archive.org/web/20141011130832id_/http://poll.forumresearch.com/data/TO%20Horserace%20News%20Release%20%282014%2010%2006%29%20Forum%20Research.pdf,retrieved,2026-08-18T02:30:00Z,application/pdf,b6a810d0ba16d9ec63fe30feb03620817552708c75e15b543ffa115bf3aedfc1,data/source_documents/historical_mayoral/forum_2014_2018/forum_2014_10_06_release.pdf,270238,7,,present,passed,public,unknown,,"First-party Forum PDF recovered through an archived-original replay. All pages were rendered and visually inspected; the text layer is present and readable. Public availability is not an affirmative reuse licence, so redistribution status remains unknown."
forum_2014_oct15_release,release,http://poll.forumresearch.com/data/TO%20Horserace%20News%20Release%20%282014%2010%2015%29%20Forum%20Research.pdf,https://web.archive.org/web/20141020011059id_/http://poll.forumresearch.com/data/TO%20Horserace%20News%20Release%20%282014%2010%2015%29%20Forum%20Research.pdf,retrieved,2026-08-18T02:30:00Z,application/pdf,73c5839c9dc22660558462185caf15a73bd55b5cc5fe00f8403d576d98ca759b,data/source_documents/historical_mayoral/forum_2014_2018/forum_2014_10_15_release.pdf,270697,7,,present,passed,public,unknown,,"First-party Forum PDF recovered through an archived-original replay. All pages were rendered and visually inspected; the text layer is present and readable. Public availability is not an affirmative reuse licence, so redistribution status remains unknown. Release and methodology say October 15; the trend table labels the sample October 14."
forum_2014_oct20_release,release,http://poll.forumresearch.com/data/TO%20Horserace%20News%20Release%20%282014%2010%2020%29%20Forum%20Research.pdf,https://web.archive.org/web/20141022142832id_/http://poll.forumresearch.com/data/TO%20Horserace%20News%20Release%20%282014%2010%2020%29%20Forum%20Research.pdf,retrieved,2026-08-18T02:30:00Z,application/pdf,55cd9c2d64c07b68b5cb3fa46d7518740ef991b2cf8029531c8729f5015309d2,data/source_documents/historical_mayoral/forum_2014_2018/forum_2014_10_20_release.pdf,2662160,5,,present,passed,public,unknown,,"First-party Forum PDF recovered through an archived-original replay. All pages were rendered and visually inspected; the text layer is present and readable. Public availability is not an affirmative reuse licence, so redistribution status remains unknown."
forum_2014_oct26_release,release,http://poll.forumresearch.com/data/TO%20Horserace%20News%20Release%20%282014%2010%2026%29%20Forum%20Research.pdf,https://web.archive.org/web/20141027191412id_/http://poll.forumresearch.com/data/TO%20Horserace%20News%20Release%20%282014%2010%2026%29%20Forum%20Research.pdf,retrieved,2026-08-18T02:30:00Z,application/pdf,c3bc85019df6f4a9afddab50ac345a86870e19a8df1d1751460e9b7f094d6ebc,data/source_documents/historical_mayoral/forum_2014_2018/forum_2014_10_26_release.pdf,250561,5,,present,passed,public,unknown,,"First-party Forum PDF recovered through an archived-original replay. All pages were rendered and visually inspected; the text layer is present and readable. Public availability is not an affirmative reuse licence, so redistribution status remains unknown."
forum_2018_jul27_release,release,http://poll.forumresearch.com/data/417633c5-894a-4f17-a9ec-46da194ea51bNews%20Release%20from%20Forum%20Research_Toronto%20Issues_July%2027%202018.pdf,https://web.archive.org/web/20180731183146id_/http://poll.forumresearch.com/data/417633c5-894a-4f17-a9ec-46da194ea51bNews%20Release%20from%20Forum%20Research_Toronto%20Issues_July%2027%202018.pdf,retrieved,2026-08-18T02:30:00Z,application/pdf,2a82bba24488a0efaa6d51677f433deb168afff05e37defb42707574ae04accf,data/source_documents/historical_mayoral/forum_2014_2018/forum_2018_07_27_release.pdf,488174,8,,present,passed,public,unknown,,"First-party Forum PDF recovered through an archived-original replay. All pages were rendered and visually inspected; the text layer is present and readable. Public availability is not an affirmative reuse licence, so redistribution status remains unknown. The first page says Toronto, January 27th and methodology says July 27, 2017; the archived filename, release content and current trend row identify the release as July 27, 2018."
forum_2018_aug28_release,release,http://poll.forumresearch.com/data/8e461a96-34af-4cb1-bb26-6fccf5d216a3Toronto%20Politics%20Release%20Aug%2028%202018_.pdf,https://web.archive.org/web/20180905180447id_/http://poll.forumresearch.com/data/8e461a96-34af-4cb1-bb26-6fccf5d216a3Toronto%20Politics%20Release%20Aug%2028%202018_.pdf,retrieved,2026-08-18T02:30:00Z,application/pdf,4e0d2eed3b24f6689bd35c54ce95a8e20a9642c43b0b9e6075d9f5cc53abf7bb,data/source_documents/historical_mayoral/forum_2014_2018/forum_2018_08_28_release.pdf,482140,5,,present,passed,public,unknown,,"First-party Forum PDF recovered through an archived-original replay. All pages were rendered and visually inspected; the text layer is present and readable. Public availability is not an affirmative reuse licence, so redistribution status remains unknown. The methodology page contains an unrelated satisfaction-table block, retained as a source artifact."
forum_2018_sep07_release,release,https://poll.forumresearch.com/data/11295651-2b49-4142-b192-e9d95b16d42bTO_Affordability%20News%20Release%20from%20Forum%20Research_Sep%207%2C%202018.pdf,https://web.archive.org/web/20190719204242id_/https://poll.forumresearch.com/data/11295651-2b49-4142-b192-e9d95b16d42bTO_Affordability%20News%20Release%20from%20Forum%20Research_Sep%207%2C%202018.pdf,retrieved,2026-08-18T02:30:00Z,application/pdf,f3ea76a0ebf7447ace8a3c4a0ed96cf54d9822b9b3c78614759ea44bc17f209e,data/source_documents/historical_mayoral/forum_2014_2018/forum_2018_09_07_release.pdf,1002597,19,,present,passed,public,unknown,,"First-party Forum PDF recovered through an archived-original replay. All pages were rendered and visually inspected; the text layer is present and readable. Public availability is not an affirmative reuse licence, so redistribution status remains unknown. Methodology says September 6, 2017; release date, archived filename and current trend row identify fieldwork as September 6, 2018."
forum_2018_sep25_release,release,http://poll.forumresearch.com:80/data/df77ba23-9343-46d6-904b-a477544b9b45Toronto%20Transit%20News%20Release%20September%2025%202018%20finals.pdf,https://web.archive.org/web/20181009032458id_/http://poll.forumresearch.com:80/data/df77ba23-9343-46d6-904b-a477544b9b45Toronto%20Transit%20News%20Release%20September%2025%202018%20finals.pdf,retrieved,2026-08-18T02:30:00Z,application/pdf,59a8f83bc23bd48f9ea8e58947f55ecb6ad8cc648d919228cdea9a31ebba3452,data/source_documents/historical_mayoral/forum_2014_2018/forum_2018_09_25_release.pdf,2310216,57,,present,passed,public,unknown,,"First-party Forum PDF recovered through an archived-original replay. All pages were rendered and visually inspected; the text layer is present and readable. Public availability is not an affirmative reuse licence, so redistribution status remains unknown. The methodology page contains an unrelated satisfaction-table block, retained as a source artifact."
forum_2018_oct09_horserace,release,http://poll.forumresearch.com/data/edde1553-2466-4b26-b0c6-408c8e82c2abToronto%20Horserace%20Oct%209%202018.pdf,https://web.archive.org/web/20181011093633id_/http://poll.forumresearch.com/data/edde1553-2466-4b26-b0c6-408c8e82c2abToronto%20Horserace%20Oct%209%202018.pdf,retrieved,2026-08-18T02:30:00Z,application/pdf,e6c19922f0a67c69c8751538aa785998c4b8a9a30fdc92f9b7e6beb1a9701caf,data/source_documents/historical_mayoral/forum_2014_2018/forum_2018_10_09_horserace.pdf,365060,5,,present,passed,public,unknown,,"First-party Forum PDF recovered through an archived-original replay. All pages were rendered and visually inspected; the text layer is present and readable. Public availability is not an affirmative reuse licence, so redistribution status remains unknown. The methodology page contains an unrelated satisfaction-table block, retained as a source artifact."
forum_2018_oct09_social_housing,release,https://poll.forumresearch.com/data/5ac5af28-d827-4b6f-b24d-33c1931c0ddfToronto%20Social%20Housing%20Oct%209%202018.pdf,https://web.archive.org/web/20190719194547id_/https://poll.forumresearch.com/data/5ac5af28-d827-4b6f-b24d-33c1931c0ddfToronto%20Social%20Housing%20Oct%209%202018.pdf,retrieved,2026-08-18T02:30:00Z,application/pdf,8f91eb6af893ca0a7b0b83e7dfacb2a768f778bd622a4ddf1c4d72417956c104,data/source_documents/historical_mayoral/forum_2014_2018/forum_2018_10_09_social_housing.pdf,862555,32,,present,passed,public,unknown,,"First-party Forum PDF recovered through an archived-original replay. All pages were rendered and visually inspected; the text layer is present and readable. Public availability is not an affirmative reuse licence, so redistribution status remains unknown. Companion release from the same October 3-5 respondent sample; it contains no ballot reading."
forum_2018_oct15_release,release,http://poll.forumresearch.com/data/99655cc2-66c7-450f-843d-1440a498f84eToronto%20Horserace%20News%20Release%20October%2015.pdf,https://web.archive.org/web/20181019001811id_/http://poll.forumresearch.com/data/99655cc2-66c7-450f-843d-1440a498f84eToronto%20Horserace%20News%20Release%20October%2015.pdf,retrieved,2026-08-18T02:30:00Z,application/pdf,a61af8cece38a89d63a3eb0436652891eb8c96ac13d03b1355606dfc6aba4d86,data/source_documents/historical_mayoral/forum_2014_2018/forum_2018_10_15_release.pdf,618509,5,,present,passed,public,unknown,,"First-party Forum PDF recovered through an archived-original replay. All pages were rendered and visually inspected; the text layer is present and readable. Public availability is not an affirmative reuse licence, so redistribution status remains unknown. The methodology page contains an unrelated satisfaction-table block, retained as a source artifact."
forum_2014_feb25_release,release,http://www.forumresearch.com/forms/News%20Archives/News%20Releases/02539_TO_Trial_Heats_and_Attitudes_News_Release_%282014.02.25%29_Forum_Research.pdf,https://web.archive.org/web/20140307044620id_/http://www.forumresearch.com/forms/News%20Archives/News%20Releases/02539_TO_Trial_Heats_and_Attitudes_News_Release_%282014.02.25%29_Forum_Research.pdf,retrieved,2026-08-18T23:20:38Z,application/pdf,e88d7d7df40f4f84cdcb4061b2e9f860da8ef24579cbff9f235e97eb09647099,data/source_documents/historical_mayoral/forum_2014_2018/forum_2014_02_25_release.pdf,561403,49,,present,passed,public,unknown,,"First-party Forum PDF recovered through an archived-original Wayback replay (curl id_ URL; WebFetch cannot reach web.archive.org). All 49 pages were rendered and visually inspected; the text layer is present and readable, and the five [All Respondents] vote-intention Total columns used for extraction match the render exactly. Public availability is not an affirmative reuse licence, so redistribution status remains unknown."
